form	lemma	POS	morph
༄༅། །		PUNCT
ཤེས་རབ་	ཤེས་རབ་	NOUN
སྙིང་པོ་	སྙིང་པོ་	NOUN
འི་	གི་	PART
རྣམ་བཤད་	རྣམ་བཤད་	NOUN
ཀླུ་སྒྲུབ་	ཀླུ་སྒྲུབ་	PROPN
ཀྱི་	གི་	PART
དགོངས་པ་	དགོངས་པ་	VERB
གསལ་བ་	གསལ་བ་	VERB
ར་	ལ་	PART
བསྟན་པ་	བསྟན་པ་	VERB
བཞུགས་	བཞུགས་	VERB
སོ་	གོ་	PART
། །		PUNCT
མཛད་པ་པོ་	མཛད་པ་པོ་	VERB
།		PUNCT
ཀུན་མཁྱེན་	ཀུན་མཁྱེན་	OTHER
པདྨ་	པདྨ་	NOUN
དཀར་པོ་	དཀར་པོ་	ADJ
"།
༄༅། །"		PUNCT
བླ་མ་	བླ་མ་	NOUN
དང་	དང་	NO_POS
མགོན་པོ་	མགོན་པོ་	NOUN
འཇམ་པ་	འཇམ་པ་	VERB
འི་	གི་	PART
དབྱངས་	དབྱངས་	NOUN
ལ་	ལ་	PART
ཕྱག་	ཕྱག་	NOUN
འཚལ་	འཚལ་	VERB
ལོ་	གོ་	PART
། །		PUNCT
ཆོ་	ཆོ་	NOUN
ཀྱི་	གི་	PART
འཁོར་ལོ་	འཁོར་ལོ་	NOUN
སྒྱུ་	སྒྱུ་	VERB
སྲ་	སྲ་	NOUN
དེ་	སྟེ་	PART
ཡུམ་	ཡུམ་	NOUN
འོ་	འོ་	VERB
། །		PUNCT
ཤེར་ཕྱིན་	ཤེར་ཕྱིན་	PROPN
སྒྱུ་འཕྲུལ་	སྒྱུ་འཕྲུལ་	PROPN
ཆེ་	ཆེ་	VERB
ལོགས་	ལོགས་	NOUN
གཉིས་པ་	གཉིས་པ་	NUM
ག་	ག་	NOUN
། །		PUNCT
དེ་ཕྱིར་	དེ་ཕྱིར་	NO_POS
ཉན་རང་	ཉན་རང་	NOUN
བྱང་སེམས་	བྱང་སེམས་	NOUN
ཤཱཀ་		NON_WORD
རིགས་པ་	རིགས་པ་	VERB
། །		PUNCT
བཞེད་དོན་	བཞེད་དོན་	OTHER
སྒྲུབ་	སྒྲུབ་	VERB
ནུས་	ནུས་	VERB
དེ་	སྟེ་	PART
ལ་	ལ་	PART
སུ་	ལ་	PART
མི་	མི་	PART
འདུད་	འདུད་	NO_POS
། །		PUNCT
ཤེས་རབ་	ཤེས་རབ་	NOUN
མཆོག་	མཆོག་	ADJ
གིས་	གིས་	PART
དྲིས་པ་	དྲིས་པ་	VERB
ལ་	ལ་	PART
། །		PUNCT
སངས་རྒྱས་	སངས་རྒྱས་	NOUN
བྱེད་	བྱེད་	VERB
ཡུམ་	ཡུམ་	NOUN
འདི་རང་	འདི་རང་	NO_POS
དུ་	ལ་	PART
། །		PUNCT
སྙིང་རྗེ་	སྙིང་རྗེ་	NOUN
ཆེན་པོ་	ཆེན་པོ་	ADJ
ས་	གིས་	PART
མཛུབ་ཚུགས་པ་	མཛུབ་ཚུགས་པ་	OTHER
ར་	ལ་	PART
། །		PUNCT
དགའ་མགུ་	དགའ་མགུ་	NOUN
ར་	ལ་	PART
སྤྱོད་	སྤྱོད་	VERB
ཐོབ་	ཐོབ་	VERB
བདག་	བདག་	PRON
སྐལ་བཟང་	སྐལ་བཟང་	OTHER
། །		PUNCT
གཙུག་ལག་	གཙུག་ལག་	NOUN
མཱ་	མཱ་	NO_POS
ལ་	ལ་	PART
ཡ་	ཡ་	NOUN
ཡི་	གི་	PART
དཔལ་	དཔལ་	OTHER
། །		PUNCT
ཤེར་ཕྱིན་	ཤེར་ཕྱིན་	PROPN
སྦྲུལ་	སྦྲུལ་	NOUN
གྱི་	གི་	PART
སྙིང་པོ་	སྙིང་པོ་	NOUN
འི་	གི་	PART
ལྕམ་	ལྕམ་	NOUN
། །		PUNCT
སྲིད་	སྲིད་	NOUN
གདུང་	གདུང་	NOUN
གཞོམ་	གཞོམ་	NO_POS
ལ་	ལ་	PART
འགུགས་	འགུགས་	NO_POS
ངལ་བ་	ངལ་བ་	VERB
འི་	གི་	PART
། །		PUNCT
ལྷོ་ཕྱོགས་	ལྷོ་ཕྱོགས་	NOUN
རླུང་བཞོན་	རླུང་བཞོན་	NO_POS
སྨན་པ་	སྨན་པ་	NOUN
བཞིན་	བཞིན་	NOUN
། །		PUNCT
འདི་	འདི་	DET
ར་	ལ་	PART
བཅོམ་ལྡན་འདས་	བཅོམ་ལྡན་འདས་	NOUN
མ་	མ་	PART
ཤེས་རབ་	ཤེས་རབ་	NOUN
ཀྱི་	གི་	PART
ཕ་རོལ་	ཕ་རོལ་	NOUN
ཏུ་	ལ་	PART
ཕྱིན་པ་	ཕྱིན་པ་	VERB
།		PUNCT
ཚིག་	ཚིག་	NOUN
སྦུན་	སྦུན་	NO_POS
གྱིས་	གིས་	PART
མ་	མ་	PART
བསྒྲིབས་པ་	བསྒྲིབས་པ་	VERB
ར་	ལ་	PART
རྗེན་	རྗེན་	NO_POS
ཐེར་	ཐེར་	NO_POS
སྟོན་པ་	སྟོན་པ་	NOUN
ས་	གིས་	PART
སྙིང་པོ་	སྙིང་པོ་	NOUN
ར་	ལ་	PART
བཞག་པ་	བཞག་པ་	VERB
།		PUNCT
བཀའ་	བཀའ་	NOUN
བསྡུ་	བསྡུ་	VERB
མཛད་པ་	མཛད་པ་	VERB
རྣམས་	རྣམས་	DET
ཀྱིས་	གིས་	PART
གླེགས་བམ་	གླེགས་བམ་	NOUN
ལ་	ལ་	PART
བཀོད་	བཀོད་	VERB
ན་	ནས་	PART
ཀླུ་	ཀླུ་	NOUN
རྣམས་	རྣམས་	DET
ལ་	ལ་	PART
གཏད་པ་	གཏད་པ་	VERB
ལ་	ལ་	ADP
ས་	གིས་	PART
།		PUNCT
ཕྱི་	ཕྱི་	VERB
མི་ཡུལ་	མི་ཡུལ་	NOUN
དུ་	ལ་	PART
མགོན་པོ་	མགོན་པོ་	NOUN
ཀླུ་སྒྲུབ་	ཀླུ་སྒྲུབ་	PROPN
ཀྱིས་	གིས་	PART
སྤྱན་	སྤྱན་	NOUN
དྲངས་པ་	དྲངས་པ་	VERB
འི་	གི་	PART
སྡེ་ཚན་	སྡེ་ཚན་	NOUN
དུ་	ལ་	PART
གཏོགས་པ་	གཏོགས་པ་	VERB
འདི་	འདི་	DET
།		PUNCT
དེ་ཉིད་	དེ་ཉིད་	NOUN
ཀྱི་	གི་	PART
མན་ངག་	མན་ངག་	NOUN
རིག་	རིག་	VERB
ན་	ནས་	PART
འཆད་པ་	འཆད་པ་	VERB
ར་	ལ་	PART
འདོད་	འདོད་	VERB
དོ་	གོ་	PART
། །		PUNCT
དེ་ཡང་	དེ་ཡང་	ADV
གླེང་	གླེང་	NO_POS
གཞི་	གཞི་	NOUN
དང་	དང་	NO_POS
།		PUNCT
གླེང་	གླེང་	NO_POS
བསླང་	བསླང་	NO_POS
ཚུལ་	ཚུལ་	NOUN
།		PUNCT
བ་	བ་	NOUN
གྱི་	གི་	PART
མཚམས་	མཚམས་	NOUN
སྦྱོར་	སྦྱོར་	VERB
།		PUNCT
མཐ་	མཐའ་	NOUN
འི་	གི་	PART
མཇུག་	མཇུག་	NOUN
སྡུད་	སྡུད་	VERB
རྣམས་	རྣམས་	DET
ནི་	ནི་	NO_POS
སྟོན་པ་	སྟོན་པ་	NOUN
ཉིད་	ཉིད་	DET
ཀྱིས་	གིས་	PART
གདམས་པ་	གདམས་པ་	VERB
ཇི་བཞིན་	ཇི་བཞིན་	OTHER
བསྡུ་བ་པོ་	བསྡུ་བ་པོ་	VERB
ས་	གིས་	PART
བཀོད་པ་	བཀོད་པ་	VERB
ས་	གིས་	PART
དེ་དག་	དེ་དག་	OTHER
རྗེས་སུ་	རྗེས་སུ་	OTHER
གནང་བ་	གནང་བ་	NO_POS
འི་	གི་	PART
བཀ་	བཀའ་	NOUN
འོ་	གོ་	PART
། །		PUNCT
དེ་	དེ་	DET
འི་	གི་	PART
དབང་	དབང་	NOUN
གིས་	གིས་	PART
གླེང་	གླེང་	NO_POS
གཞི་	གཞི་	NOUN
མདོ་	མདོ་	NOUN
ར་	ལ་	PART
བསྟན་	བསྟན་	VERB
དུ་	ལ་	PART
འོ་	འོ་	VERB
།		PUNCT
གླེང་	གླེང་	NO_POS
བསླང་བ་	བསླང་བ་	VERB
ན་	ནས་	PART
ལན་	ལན་	NOUN
རྫོགས་པ་	རྫོགས་པ་	VERB
འི་	གི་	PART
བ་	བ་	NOUN
བྱིན་	བྱིན་	VERB
གྱིས་	གིས་	PART
རློབ་པ་	རློབ་པ་	NO_POS
དངོ་	དངོ་	NOUN
ཀྱི་	གི་	PART
བདག་	བདག་	PRON
རྐྱེན་	རྐྱེན་	NOUN
སྟོན་པ་	སྟོན་པ་	NOUN
ཉིད་	ཉིད་	DET
ཡིན་པ་	ཡིན་པ་	AUX
ས་	གིས་	PART
བྱིན་	བྱིན་	VERB
གྱིས་	གིས་	PART
བརླབས་པ་	བརླབས་པ་	VERB
འི་	གི་	PART
བཀ་	བཀའ་	NOUN
འོ་	གོ་	PART
། །		PUNCT
དངོ་	དངོ་	NOUN
ཞེ་	ཅེས་	PART
མ་	མ་	PART
སྦྱར་	སྦྱར་	VERB
ན་	ལ་	PART
།		PUNCT
འཛམ་བུ་	འཛམ་བུ་	NOUN
འི་	གི་	PART
གླིང་	གླིང་	NOUN
ན་	ལ་	PART
ཆུ་	ཆུ་	NOUN
ཇི་སྙེད་པ་	ཇི་སྙེད་པ་	OTHER
ཀླུ་	ཀླུ་	NOUN
མ་	མ་	PART
དྲོས་པ་	དྲོས་པ་	NO_POS
འི་	གི་	PART
མཐུ་	མཐུ་	NOUN
ཡིན་པ་	ཡིན་པ་	AUX
དཔེ་	དཔེ་	NOUN
ར་	ལ་	PART
མཛད་	མཛད་	VERB
ན་	ནས་	PART
།		PUNCT
སངས་རྒྱས་	སངས་རྒྱས་	NOUN
ཀྱི་	གི་	PART
ཉན་ཐོས་	ཉན་ཐོས་	NOUN
རྣམས་	རྣམས་	DET
ཀྱི་	གི་	PART
ཆོ་	ཆོ་	NOUN
ཅི་	ཅི་	NO_POS
སྟོན་པ་	སྟོན་པ་	NOUN
ཐམས་ཅད་	ཐམས་ཅད་	DET
རྒྱལ་བ་	རྒྱལ་བ་	NOUN
འི་	གི་	PART
བྱིན་རླབས་	བྱིན་རླབས་	NOUN
ཡིན་པ་	ཡིན་པ་	AUX
ར་	ལ་	PART
གསུངས་པ་	གསུངས་པ་	VERB
གཉིས་	གཉིས་	NUM
མཚམས་	མཚམས་	NOUN
མི་ཕྱེད་པ་	མི་ཕྱེད་པ་	PROPN
འི་	གི་	PART
སྐྱོན་	སྐྱོན་	NOUN
དུ་	ལ་	PART
འགྱུར་	འགྱུར་	VERB
རོ་	རོ་	NOUN
། །		PUNCT
ལེགས་	ལེགས་	VERB
སོ་	གོ་	PART
ན་	ནས་	PART
ཡི་	གི་	PART
རང་	རང་	PRON
ངོ་	ངོ་	PART
འི་	གི་	PART
བ་	བ་	NOUN
ནི་	ནི་	NO_POS
ཚངས་པ་	ཚངས་པ་	PROPN
འི་	གི་	PART
དབྱངས་	དབྱངས་	NOUN
ཉིད་	ཉིད་	DET
ཀྱིས་	གིས་	PART
བཤད་པ་	བཤད་པ་	VERB
ས་	གིས་	PART
།		PUNCT
ཞལ་	ཞལ་	NOUN
ན་	ནས་	PART
གསུངས་པ་	གསུངས་པ་	VERB
འི་	གི་	PART
བཀ་	བཀའ་	NOUN
འོ་	གོ་	PART
། །		PUNCT
དེ་བས་ན་	དེ་བས་ན་	NO_POS
བར་མ་	བར་མ་	ADJ
རྒྱས་བཤད་	རྒྱས་བཤད་	NOUN
།		PUNCT
འདི་	འདི་	DET
དོན་	དོན་	NOUN
བསྡུ་	བསྡུ་	VERB
ར་	ལ་	PART
ཡོད་པ་	ཡོད་པ་	VERB
བཞིན་	བཞིན་	NOUN
མདོ་	མདོ་	NOUN
ར་	ལ་	PART
བསྟན་	བསྟན་	VERB
།		PUNCT
རྒྱས་བཤད་	རྒྱས་བཤད་	NOUN
།		PUNCT
དོན་	དོན་	NOUN
བསྡུ་བ་	བསྡུ་བ་	VERB
གསུམ་	གསུམ་	NUM
ལ་	ལ་	ADP
ས་	གིས་	PART
།		PUNCT
དང་པོ་	དང་པོ་	ADJ
༼		PUNCT
མདོ་	མདོ་	NOUN
ར་	ལ་	PART
བསྟན་	བསྟན་	VERB
༽		PUNCT
ནི་	ནི་	NO_POS
།		PUNCT
འདི་སྐད་	འདི་སྐད་	NO_POS
བདག་	བདག་	PRON
གིས་	གིས་	PART
ཐོས་པ་	ཐོས་པ་	VERB
དུས་	དུས་	NOUN
གཅིག་	གཅིག་	NUM
ན་	ལ་	PART
།		PUNCT
ཞེས་་	ཞེས་པ་	PART
དུས་	དུས་	NOUN
འཆད་པ་	འཆད་པ་	VERB
ཡིན་	ཡིན་	NO_POS
ལ་	ལ་	PART
།		PUNCT
འདི་སྐད་	འདི་སྐད་	NO_POS
ཀྱིས་	གིས་	PART
བཤད་	བཤད་	VERB
བྱ་	བྱ་	VERB
རིལ་པོ་	རིལ་པོ་	ADJ
བསྡུས་པ་	བསྡུས་པ་	VERB
སྟེ་	སྟེ་	PART
།		PUNCT
དེས་ན་	དེས་ན་	NO_POS
དེ་	དེ་	DET
འི་	གི་	PART
ལེགས་སྦྱར་	ལེགས་སྦྱར་	OTHER
ལ་	ལ་	PART
ཨེ་ཝཾ་	ཨེ་ཝཾ་	X
ཞེ་	ཅེས་	PART
བྱུང་	བྱུང་	VERB
།		PUNCT
ཡི་གེ་	ཡི་གེ་	NOUN
དེ་	སྟེ་	PART
གཉིས་	གཉིས་	NUM
ཆོ་	ཆོ་	NOUN
ཀྱི་	གི་	PART
ཕུང་པོ་	ཕུང་པོ་	NOUN
བརྒྱད་	བརྒྱད་	NUM
ཁྲི་	ཁྲི་	NUM
བཞི་	བཞི་	NUM
སྟོང་པོ་	སྟོང་པོ་	NUM
ཐམས་ཅད་	ཐམས་ཅད་	DET
ཀྱི་	གི་	PART
ཕ་	ཕ་	NOUN
དང་	དང་	NO_POS
མ་	མ་	NOUN
གསུངས་པ་	གསུངས་པ་	VERB
ཡིན་	ཡིན་	NO_POS
ནོ་	གོ་	PART
། །		PUNCT
བཅོམ་ལྡན་འདས་	བཅོམ་ལྡན་འདས་	NOUN
དེ་	སྟེ་	PART
ནི་	ནི་	NO_POS
སྟོན་པ་	སྟོན་པ་	NOUN
།		PUNCT
རྒྱལ་པོ་	རྒྱལ་པོ་	NOUN
འི་	གི་	PART
ཁབ་	ཁབ་	NOUN
བྱ་རྒོད་	བྱ་རྒོད་	NOUN
ཕུང་པོ་	ཕུང་པོ་	NOUN
འི་	གི་	PART
རི་	རི་	NOUN
ལ་	ལ་	PART
།		PUNCT
གནས་	གནས་	NOUN
དགེ་སློང་	དགེ་སློང་	NOUN
གི་	གི་	PART
དགེ་འདུན་	དགེ་འདུན་	NOUN
ཆེན་པོ་	ཆེན་པོ་	ADJ
དང་	དང་	NO_POS
།		PUNCT
བྱང་ཆུབ་	བྱང་ཆུབ་	NOUN
སེམས་དཔ་	སེམས་དཔའ་	NOUN
འི་	གི་	PART
དགེ་འདུན་	དགེ་འདུན་	NOUN
ཆེན་པོ་	ཆེན་པོ་	ADJ
དང་	དང་	NO_POS
ཐབས་	ཐབས་	NOUN
གཅིག་	གཅིག་	NUM
ཏུ་	ལ་	PART
བཞུགས་	བཞུགས་	VERB
ཏེ་	སྟེ་	PART
།		PUNCT
འཁོར་	འཁོར་	NOUN
དེ་དག་	དེ་དག་	OTHER
རེ་རེ་	རེ་རེ་	DET
ཡང་	ཀྱང་	PART
བསམ་	བསམ་	NOUN
གྱིས་	གིས་	PART
མི་	མི་	PART
ཁྱབ་པ་	ཁྱབ་པ་	VERB
འི་	གི་	PART
ཕྱི་	ཕྱི་	OTHER
ཕྱོགས་	ཕྱོགས་	NOUN
གཅིག་	གཅིག་	NUM
གིས་	གིས་	PART
བཤད་	བཤད་	VERB
དུ་	ལ་	PART
མི་	མི་	PART
རུང་	རུང་	SCONJ
ངོ་	གོ་	PART
། །		PUNCT
དེ་	དེ་	DET
འི་	གི་	PART
ཕྱི་	ཕྱི་	OTHER
ཕུན་སུམ་	ཕུན་སུམ་	OTHER
ཚོགས་པ་	ཚོགས་པ་	VERB
ཞེ་	ཅེས་	PART
བྱ་	བྱ་	VERB
འོ་	གོ་	PART
། །		PUNCT
དགེ་སློང་	དགེ་སློང་	NOUN
གི་	གི་	PART
དགེ་འདུན་	དགེ་འདུན་	NOUN
ཞེས་་	ཞེས་པ་	PART
འི་	གི་	PART
ཁོངས་	ཁོངས་	NOUN
ན་	ལ་	PART
རང་རྒྱལ་	རང་རྒྱལ་	NOUN
སློབ་པ་	སློབ་པ་	VERB
དག་	དག་	DET
ཀྱང་	ཀྱང་	PART
ཉན་ཐོས་	ཉན་ཐོས་	NOUN
ཀྱི་	གི་	PART
ཚུལ་	ཚུལ་	NOUN
དུ་	ལ་	PART
གནས་པ་	གནས་པ་	VERB
ས་	གིས་	PART
དངོ་	དངོ་	NOUN
ཀྱི་	གི་	PART
འཁོར་	འཁོར་	NOUN
ལ་	ལ་	PART
རིགས་ཅན་	རིགས་ཅན་	ADJ
གསུམ་	གསུམ་	NUM
ཚང་བ་	ཚང་བ་	VERB
སྟེ་	སྟེ་	PART
།		PUNCT
ཉན་རང་	ཉན་རང་	NOUN
བྱང་སེམས་	བྱང་སེམས་	NOUN
ཐམས་ཅད་	ཐམས་ཅད་	DET
ཀྱི་	གི་	PART
ཤེས་རབ་	ཤེས་རབ་	NOUN
ཀྱི་	གི་	PART
ཕ་རོལ་	ཕ་རོལ་	NOUN
ཏུ་	ལ་	PART
ཕྱིན་པ་	ཕྱིན་པ་	VERB
ལ་	ལ་	PART
བསླབ་པ་	བསླབ་པ་	VERB
ར་	ལ་	PART
བྱ་བ་	བྱ་བ་	VERB
དང་	དང་	NO_POS
།		PUNCT
ལ་ལ་	ལ་ལ་	PRON
རང་	རང་	PRON
བྱང་ཆུབ་	བྱང་ཆུབ་	NOUN
ཏུ་	ལ་	PART
སེམས་བསྐྱེད་	སེམས་བསྐྱེད་	NOUN
དོ་	གོ་	PART
ཞེ་	ཅེས་	PART
འབྱུང་བ་	འབྱུང་བ་	VERB
ས་	གིས་	PART
ཀྱང་	ཀྱང་	PART
ཤེས་པ་	ཤེས་པ་	VERB
ར་	ལ་	PART
ནུས་	ནུས་	VERB
སོ་	གོ་	PART
། །		PUNCT
དེ་	དེ་	DET
འི་	གི་	PART
ཚེ་	ཚེ་	NOUN
བཅོམ་ལྡན་འདས་	བཅོམ་ལྡན་འདས་	NOUN
ཟབ་མོ་	ཟབ་མོ་	ADJ
སྣང་བ་	སྣང་བ་	VERB
ཞེ་	ཅེས་	PART
བྱ་བ་	བྱ་བ་	VERB
ཆོ་	ཆོ་	NOUN
ཀྱི་	གི་	PART
རྣམ་	རྣམ་	NOUN
གྲངས་	གྲངས་	NOUN
ཀྱི་	གི་	PART
ཏིང་ངེ་འཛིན་	ཏིང་ངེ་འཛིན་	NOUN
ལ་	ལ་	PART
སྙོམས་པ་		
ཞུགས་	ཞུགས་	VERB
སོ་	གོ་	PART
། །		PUNCT
ཟབ་མོ་	ཟབ་མོ་	ADJ
ནི་	ནི་	NO_POS
ཤེས་རབ་	ཤེས་རབ་	NOUN
ཀྱི་	གི་	PART
ཕ་རོལ་	ཕ་རོལ་	NOUN
ཏུ་	ལ་	PART
ཕྱིན་པ་	ཕྱིན་པ་	VERB
ཟབ་མོ་	ཟབ་མོ་	ADJ
འི་	གི་	PART
སྤྱོད་པ་	སྤྱོད་པ་	VERB
སྟེ་	སྟེ་	PART
།		PUNCT
སངས་རྒྱས་	སངས་རྒྱས་	NOUN
ནི་	ནི་	NO_POS
བཞེད་པ་	བཞེད་པ་	VERB
ས་	གིས་	PART
འཇུག་པ་	འཇུག་པ་	VERB
ཡིན་པ་	ཡིན་པ་	AUX
ས་	གིས་	PART
མེ་	མེ་	NOUN
བུ་	བུ་	VERB
ན་	ལ་	PART
དུ་བ་	དུ་བ་	NOUN
འཐུལ་བ་	འཐུལ་བ་	VERB
བཞིན་	བཞིན་	NOUN
དུ་	ལ་	PART
།		PUNCT
གདུལ་བྱ་	གདུལ་བྱ་	NOUN
དག་	དག་	DET
ལ་	ལ་	PART
དེ་བ་	དེ་བ་	PRON
ཆད་	ཆད་	VERB
མེད་པ་	མེད་པ་	VERB
ར་	ལ་	PART
སྣང་བ་	སྣང་བ་	VERB
ས་	གིས་	PART
ན་	ལ་	PART
ཟབ་མོ་	ཟབ་མོ་	ADJ
སྣང་བ་	སྣང་བ་	VERB
ཞེ་	ཅེས་	PART
བྱ་	བྱ་	VERB
འོ་	གོ་	PART
། །		PUNCT
གཉིས་པ་	གཉིས་པ་	NUM
༼		PUNCT
རྒྱས་བཤད་	རྒྱས་བཤད་	NOUN
།༽		PUNCT
ལ་	ལ་	PART
།		PUNCT
གླེང་	གླེང་	NO_POS
བསླང་	བསླང་	NO_POS
ལུས་	ལུས་	NOUN
དང་	དང་	NO_POS
།		PUNCT
དྲི་བ་	དྲི་བ་	VERB
དང་	དང་	NO_POS
ལན་ཡན་	ལན་ཡན་	NO_POS
ལག་	ལག་	NOUN
རྒྱས་བཤད་	རྒྱས་བཤད་	NOUN
ཀྱི་	གི་	PART
ཚུལ་	ཚུལ་	NOUN
དུ་	ལ་	PART
བསྟན་པ་	བསྟན་པ་	VERB
གཉིས་	གཉིས་	NUM
ལ་	ལ་	ADP
ས་	གིས་	PART
།		PUNCT
དང་པོ་	དང་པོ་	ADJ
༼		PUNCT
གླེང་	གླེང་	NO_POS
བསླང་	བསླང་	NO_POS
ལུས་	ལུས་	NOUN
།༽		PUNCT
ནི་	ནི་	NO_POS
།		PUNCT
ཡང་	ཀྱང་	PART
དེ་	དེ་	DET
འི་	གི་	PART
ཚེ་	ཚེ་	NOUN
བྱང་ཆུབ་	བྱང་ཆུབ་	NOUN
སེམས་དཔའ་	སེམས་དཔའ་	NOUN
སེམས་དཔའ་	སེམས་དཔའ་	NOUN
ཆེན་པོ་	ཆེན་པོ་	ADJ
འཕགས་པ་	འཕགས་པ་	VERB
སྤྱན་རས་	སྤྱན་རས་	NO_POS
གཟིགས་	གཟིགས་	VERB
དབང་ཕྱུག་	དབང་ཕྱུག་	NOUN
ཤེས་རབ་	ཤེས་རབ་	NOUN
ཀྱི་	གི་	PART
ཕ་རོལ་	ཕ་རོལ་	NOUN
ཏུ་	ལ་	PART
ཕྱིན་པ་	ཕྱིན་པ་	VERB
ཟབ་མོ་	ཟབ་མོ་	ADJ
འི་	གི་	PART
སྤྱོད་པ་	སྤྱོད་པ་	VERB
ཉིད་	ཉིད་	DET
ལ་	ལ་	PART
རྣམ་པ་	རྣམ་པ་	NOUN
ར་	ལ་	PART
བལྟ་	བལྟ་	VERB
ཞིང་	ཅིང་	PART
།		PUNCT
དེ་	སྟེ་	PART
ནི་	ནི་	NO_POS
ཤེས་རབ་	ཤེས་རབ་	NOUN
ཀྱི་	གི་	PART
ཆོ་	ཆོ་	NOUN
ཐམས་ཅད་	ཐམས་ཅད་	DET
རབ་ཏུ་	རབ་ཏུ་	NO_POS
མི་	མི་	PART
གནས་པ་	གནས་པ་	VERB
ར་	ལ་	PART
སྦྱོང་བ་	སྦྱོང་བ་	VERB
ཡིན་	ཡིན་	NO_POS
ནོ་	གོ་	PART
། །		PUNCT
ཕུང་པོ་	ཕུང་པོ་	NOUN
ལྔ་པོ་	ལྔ་པོ་	NUM
དེ་དག་	དེ་དག་	OTHER
ལ་	ལ་	PART
ཡང་	ཀྱང་	PART
རང་བཞིན་	རང་བཞིན་	NOUN
གྱིས་	གིས་	PART
སྟོང་པ་	སྟོང་པ་	VERB
ར་	ལ་	PART
རྣམ་པ་	རྣམ་པ་	NOUN
ར་	ལ་	PART
ལྟ་	ལྟ་	NOUN
འོ་	གོ་	PART
། །		PUNCT
སྙིང་རྗེ་	སྙིང་རྗེ་	NOUN
ས་	གིས་	PART
སྒྱུ་མ་	སྒྱུ་མ་	NOUN
ཙམ་	ཙམ་	DET
དུ་	ལ་	PART
ལམ་	གམ་	PART
དུ་	ལ་	PART
འཁྱེར་བ་	འཁྱེར་བ་	VERB
བསྟན་	བསྟན་	VERB
ཏེ་	སྟེ་	PART
།		PUNCT
འདི་	འདི་	DET
འི་	གི་	PART
མན་ངག་	མན་ངག་	NOUN
ཀཾ་པ་	ཀཾ་པ་	NON_WORD
ལ་	ལ་	ADP
འི་	གི་	PART
ཡུམ་	ཡུམ་	NOUN
གྱིས་	གིས་	PART
མཛད་པ་	མཛད་པ་	VERB
ལ་	ལ་	ADP
ས་	གིས་	PART
།		PUNCT
ཡུམ་	ཡུམ་	NOUN
ཤེས་རབ་	ཤེས་རབ་	NOUN
ཀྱི་	གི་	PART
ཕ་རོལ་	ཕ་རོལ་	NOUN
ཏུ་	ལ་	PART
ཕྱིན་པ་	ཕྱིན་པ་	VERB
འདི་	འདི་	DET
ལ་	ལ་	PART
ཀུན་	ཀུན་	DET
ན་	ནས་	PART
ཉོན་མོངས་པ་	ཉོན་མོངས་པ་	NOUN
དང་	དང་	NO_POS
རྣམ་པ་	རྣམ་པ་	NOUN
ར་	ལ་	PART
བྱང་བ་	བྱང་བ་	VERB
འི་	གི་	PART
སྒོ་	སྒོ་	NOUN
ན་	ནས་	PART
ཤེས་པ་	ཤེས་པ་	VERB
ར་	ལ་	PART
བྱ་	བྱ་	VERB
ན་	ནས་	PART
།		PUNCT
དེ་	སྟེ་	PART
ཁོང་	ཁོང་	PRON
དུ་	ལ་	PART
ཆུད་པ་	ཆུད་པ་	VERB
ར་	ལ་	PART
བྱ་བ་	བྱ་བ་	VERB
ཡིན་	ཡིན་	NO_POS
ན་	ན་	ADP
འང་	ཀྱང་	PART
།		PUNCT
ཕལ་ཆེ་བ་	ཕལ་ཆེ་བ་	OTHER
འི་	གི་	PART
སྤྱོད་ཡུལ་	སྤྱོད་ཡུལ་	NOUN
མ་ཡིན་པ་	མ་ཡིན་པ་	OTHER
ས་	གིས་	PART
ཞེ་	ཅེས་	PART
གསུངས་པ་	གསུངས་པ་	VERB
འི་	གི་	PART
ཕྱི་	ཕྱི་	OTHER
རོ་	རོ་	NOUN
། །		PUNCT
དེ་ནས་	དེ་ནས་	NO_POS
སངས་རྒྱས་	སངས་རྒྱས་	NOUN
ཀྱི་	གི་	PART
མཐུ་	མཐུ་	NOUN
ས་	གིས་	PART
།		PUNCT
ཚེ་	ཚེ་	NOUN
དང་	དང་	NO_POS
ལྡན་པ་	ལྡན་པ་	VERB
ཤཱ་རི་	ཤཱ་རི་	PROPN
འི་	གི་	PART
བུ་	བུ་	VERB
།		PUNCT
སྤྱན་རས་	སྤྱན་རས་	NO_POS
གཟིགས་	གཟིགས་	VERB
དེ་ལྟ་	དེ་ལྟ་	NO_POS
ལྟ་བ་	ལྟ་བ་	VERB
ཤཱ་རི་	ཤཱ་རི་	PROPN
འི་	གི་	PART
བུ་	བུ་	VERB
ཤེས་པ་	ཤེས་པ་	VERB
སངས་རྒྱས་	སངས་རྒྱས་	NOUN
ཀྱི་	གི་	PART
མཐུ་	མཐུ་	NOUN
ཡིན་	ཡིན་	NO_POS
ནོ་	གོ་	PART
ཞེ་	ཅེས་	PART
སྟོན་པ་	སྟོན་པ་	NOUN
སྟེ་	སྟེ་	PART
།		PUNCT
གཞན་	གཞན་	DET
ཉན་ཐོས་	ཉན་ཐོས་	NOUN
དག་	དག་	DET
གིས་	གིས་	PART
བྱང་ཆུབ་	བྱང་ཆུབ་	NOUN
སེམས་དཔ་	སེམས་དཔའ་	NOUN
འི་	གི་	PART
གནས་སྐབས་	གནས་སྐབས་	NOUN
གཞལ་བ་	གཞལ་བ་	VERB
ར་	ལ་	PART
མི་	མི་	PART
ནུས་པ་	ནུས་པ་	VERB
ས་	གིས་	PART
སོ་	གོ་	PART
། །		PUNCT
དེ་ལྟ་	དེ་ལྟ་	NO_POS
ཤེ་	ཤེ་	VERB
ན་	ནས་	PART
སྤྱོད་པ་	སྤྱོད་པ་	VERB
དེ་	སྟེ་	PART
ཞིབ་མོ་	ཞིབ་མོ་	ADJ
ར་	ལ་	PART
དྲི་བ་	དྲི་བ་	VERB
འི་	གི་	PART
འདོད་པ་	འདོད་པ་	VERB
སྐྱེས་པ་	སྐྱེས་པ་	VERB
ཡིན་	ཡིན་	NO_POS
ནོ་	གོ་	PART
། །		PUNCT
གཉིས་པ་	གཉིས་པ་	NUM
༼		PUNCT
དྲི་བ་	དྲི་བ་	VERB
དང་	དང་	NO_POS
ལན་ཡན་	ལན་ཡན་	NO_POS
ལག་	ལག་	NOUN
རྒྱས་བཤད་	རྒྱས་བཤད་	NOUN
ཀྱི་	གི་	PART
ཚུལ་	ཚུལ་	NOUN
དུ་	ལ་	PART
བསྟན་པ་	བསྟན་པ་	VERB
།༽		PUNCT
ལ་	ལ་	PART
།		PUNCT
དྲི་བ་	དྲི་བ་	VERB
འགོད་པ་	འགོད་པ་	VERB
དང་	དང་	NO_POS
།		PUNCT
ལན་	ལན་	NOUN
གྱིས་	གིས་	PART
རྒྱས་པ་	རྒྱས་པ་	VERB
ར་	ལ་	PART
བཤད་པ་	བཤད་པ་	VERB
འོ་	གོ་	PART
། །		PUNCT
དང་པོ་	དང་པོ་	ADJ
༼		PUNCT
དྲི་བ་	དྲི་བ་	VERB
འགོད་པ་	འགོད་པ་	VERB
།༽		PUNCT
ནི་	ནི་	NO_POS
།		PUNCT
བྱང་ཆུབ་	བྱང་ཆུབ་	NOUN
སེམས་དཔའ་	སེམས་དཔའ་	NOUN
སེམས་དཔའ་	སེམས་དཔའ་	NOUN
ཆེན་པོ་	ཆེན་པོ་	ADJ
འཕགས་པ་	འཕགས་པ་	VERB
སྤྱན་རས་	སྤྱན་རས་	NO_POS
གཟིགས་	གཟིགས་	VERB
དབང་ཕྱུག་	དབང་ཕྱུག་	NOUN
ལ་	ལ་	PART
འདི་སྐད་	འདི་སྐད་	NO_POS
ཅེས་	ཅེས་	PART
སྨྲ་	སྨྲ་	VERB
ས་	གིས་	PART
སོ་	གོ་	PART
། །		PUNCT
རིགས་	རིགས་	NOUN
ཀྱི་	གི་	PART
བུ་	བུ་	NOUN
འམ་	གམ་	PART
རིགས་	རིགས་	NOUN
ཀྱི་	གི་	PART
བུ་མོ་	བུ་མོ་	NOUN
གང་ལ་ལ་	གང་ལ་ལ་	NO_POS
ཤེས་རབ་	ཤེས་རབ་	NOUN
ཀྱི་	གི་	PART
ཕ་རོལ་	ཕ་རོལ་	NOUN
ཏུ་	ལ་	PART
ཕྱིན་པ་	ཕྱིན་པ་	VERB
ཟབ་མོ་	ཟབ་མོ་	ADJ
འི་	གི་	PART
སྤྱོད་པ་	སྤྱོད་པ་	VERB
སྤྱད་པ་	སྤྱད་པ་	VERB
ར་	ལ་	PART
འདོད་པ་	འདོད་པ་	VERB
དེ་	དེ་	DET
ས་	གིས་	PART
།		PUNCT
ཇི་ལྟ་		
བསླབ་པ་	བསླབ་པ་	VERB
ར་	ལ་	PART
བྱ་	བྱ་	VERB
།		PUNCT
དེ་སྐད་	དེ་སྐད་	NO_POS
ཅེས་	ཅེས་	PART
སྨྲས་པ་	སྨྲས་པ་	VERB
དང་	དང་	NO_POS
།		PUNCT
གཉིས་པ་	གཉིས་པ་	NUM
༼		PUNCT
ལན་	ལན་	NOUN
གྱིས་	གིས་	PART
རྒྱས་པ་	རྒྱས་པ་	VERB
ར་	ལ་	PART
བཤད་པ་	བཤད་པ་	VERB
།༽		PUNCT
ལ་	ལ་	PART
།		PUNCT
ལྟ་བ་	ལྟ་བ་	VERB
འི་	གི་	PART
གནད་	གནད་	NOUN
མིག་	མིག་	NOUN
གིས་	གིས་	PART
ལྟ་བ་	ལྟ་བ་	VERB
ལྟ་བུ་	ལྟ་བུ་	NOUN
།		PUNCT
སྒོམ་པ་	སྒོམ་པ་	VERB
འི་	གི་	PART
གནད་	གནད་	NOUN
གོམ་པ་	གོམ་པ་	NOUN
དོར་བ་	དོར་བ་	VERB
ལྟ་བུ་	ལྟ་བུ་	NOUN
།		PUNCT
འབྲས་བུ་	འབྲས་བུ་	NOUN
འི་	གི་	PART
གནད་	གནད་	NOUN
འདོད་	འདོད་	VERB
ས་	ས་	ADP
ར་	ལ་	PART
བརྟོལ་བ་	བརྟོལ་བ་	VERB
ལྟ་བུ་	ལྟ་བུ་	NOUN
།		PUNCT
སྤྱོད་པ་	སྤྱོད་པ་	VERB
འི་	གི་	PART
གནད་	གནད་	NOUN
གསེང་ལམ་	གསེང་ལམ་	OTHER
ལྟ་བུ་	ལྟ་བུ་	NOUN
ར་	ལ་	PART
བཤད་པ་	བཤད་པ་	VERB
ལ་	ལ་	ADP
ས་	གིས་	PART
།		PUNCT
དང་པོ་	དང་པོ་	ADJ
༼		PUNCT
ལྟ་བ་	ལྟ་བ་	VERB
འི་	གི་	PART
གནད་	གནད་	NOUN
མིག་	མིག་	NOUN
གིས་	གིས་	PART
ལྟ་བ་	ལྟ་བ་	VERB
ལྟ་བུ་	ལྟ་བུ་	NOUN
།༽		PUNCT
ནི་	ནི་	NO_POS
།		PUNCT
རྣམ་པ་	རྣམ་པ་	NOUN
ར་	ལ་	PART
ཐར་པ་	ཐར་པ་	VERB
འི་	གི་	PART
སྒོ་གསུམ་	སྒོ་གསུམ་	OTHER
གྱིས་	གིས་	PART
བསྟན་	བསྟན་	VERB
ཏེ་	སྟེ་	PART
།		PUNCT
ངོ་བོ་	ངོ་བོ་	NOUN
ས་	གིས་	PART
སྟོང་པ་	སྟོང་པ་	VERB
འི་	གི་	PART
ཚུལ་	ཚུལ་	NOUN
གྱིས་	གིས་	PART
སྟོང་ཉིད་	སྟོང་ཉིད་	NOUN
ཀྱི་	གི་	PART
རྣམ་པ་	རྣམ་པ་	NOUN
ར་	ལ་	PART
ཐར་པ་	ཐར་པ་	VERB
།		PUNCT
རྒྱུ་	རྒྱུ་	NOUN
སྟོང་པ་	སྟོང་པ་	VERB
འི་	གི་	PART
ཚུལ་	ཚུལ་	NOUN
གྱིས་	གིས་	PART
མཚན་མ་	མཚན་མ་	NOUN
མེད་པ་	མེད་པ་	VERB
འི་	གི་	PART
རྣམ་པ་	རྣམ་པ་	NOUN
ར་	ལ་	PART
ཐར་པ་	ཐར་པ་	VERB
།		PUNCT
འབྲས་བུ་	འབྲས་བུ་	NOUN
ས་	གིས་	PART
སྟོང་པ་	སྟོང་པ་	VERB
འི་	གི་	PART
ཚུལ་	ཚུལ་	NOUN
གྱིས་	གིས་	PART
སྨོན་པ་	སྨོན་པ་	VERB
མེད་པ་	མེད་པ་	VERB
འི་	གི་	PART
རྣམ་པ་	རྣམ་པ་	NOUN
ར་	ལ་	PART
ཐར་པ་	ཐར་པ་	VERB
བཤད་	བཤད་	VERB
ལ་	ལ་	PART
།		PUNCT
དེ་ལས་	དེ་ལས་	NO_POS
དང་པོ་	དང་པོ་	ADJ
ནི་	ནི་	NO_POS
།		PUNCT
བྱང་ཆུབ་	བྱང་ཆུབ་	NOUN
སེམས་དཔའ་	སེམས་དཔའ་	NOUN
སེམས་དཔའ་	སེམས་དཔའ་	NOUN
ཆེན་པོ་	ཆེན་པོ་	ADJ
འཕགས་པ་	འཕགས་པ་	VERB
སྤྱན་རས་	སྤྱན་རས་	NO_POS
གཟིགས་	གཟིགས་	VERB
དབང་ཕྱུག་	དབང་ཕྱུག་	NOUN
གིས་	གིས་	PART
ཚེ་	ཚེ་	NOUN
དང་	དང་	NO_POS
ལྡན་པ་	ལྡན་པ་	VERB
ཤཱ་རི་	ཤཱ་རི་	PROPN
དྭ་	དྭ་	NO_POS
ཏིའི་		NON_WORD
བུ་	བུ་	NOUN
ལ་	ལ་	PART
འདི་སྐད་	འདི་སྐད་	NO_POS
ཅེས་	ཅེས་	PART
སྨྲ་	སྨྲ་	VERB
ས་	གིས་	PART
སོ་	གོ་	PART
། །		PUNCT
མ་	མ་	PART
འི་	གི་	PART
མིང་	མིང་	NOUN
ཤཱ་རི་ཀ་	ཤཱ་རི་ཀ་	NO_POS
།		PUNCT
དེ་	དེ་	DET
འི་	གི་	PART
བུ་	བུ་	NOUN
ཡིན་པ་	ཡིན་པ་	AUX
ས་	གིས་	PART
ཤཱ་རི་	ཤཱ་རི་	PROPN
འི་	གི་	PART
བུ་	བུ་	NOUN
།		PUNCT
ཤཱ་རི་	ཤཱ་རི་	PROPN
དྭ་	དྭ་	NO_POS
ཏིའི་		NON_WORD
རིགས་	རིགས་	NOUN
ལ་	ལ་	ADP
ས་	གིས་	PART
འཁྲུངས་པ་	འཁྲུངས་པ་	VERB
ས་	གིས་	PART
དེ་	དེ་	DET
འི་	གི་	PART
བུ་	བུ་	NOUN
།		PUNCT
དེས་ན་	དེས་ན་	NO_POS
ཕྱོགས་	ཕྱོགས་	NOUN
གཅིག་	གཅིག་	NUM
ངོ་	གོ་	PART
ཤེས་པ་	ཤེས་པ་	VERB
ས་	གིས་	PART
ཅིག་ཤོས་	ཅིག་ཤོས་	DET
མི་	མི་	PART
བསུབ་བོ་	བསུབ་བོ་	NO_POS
། །		PUNCT
ཤཱ་རི་	ཤཱ་རི་	PROPN
འི་	གི་	PART
བུ་	བུ་	NOUN
རིགས་	རིགས་	NOUN
ཀྱི་	གི་	PART
བུ་	བུ་	NOUN
འམ་	གམ་	PART
རིགས་	རིགས་	NOUN
ཀྱི་	གི་	PART
བུ་མོ་	བུ་མོ་	NOUN
གང་ལ་ལ་	གང་ལ་ལ་	NO_POS
ཤེས་རབ་	ཤེས་རབ་	NOUN
ཀྱི་	གི་	PART
ཕ་རོལ་	ཕ་རོལ་	NOUN
ཏུ་	ལ་	PART
ཕྱིན་པ་	ཕྱིན་པ་	VERB
ཟབ་མོ་	ཟབ་མོ་	ADJ
འི་	གི་	PART
སྤྱོད་པ་	སྤྱོད་པ་	VERB
སྤྱད་པ་	སྤྱད་པ་	VERB
ར་	ལ་	PART
འདོད་པ་	འདོད་པ་	VERB
དེ་	དེ་	DET
ས་	གིས་	PART
།		PUNCT
འདི་	འདི་	DET
ས་	གིས་	PART
གདུལ་བྱ་	གདུལ་བྱ་	NOUN
བསྟན་	བསྟན་	VERB
ཏེ་	སྟེ་	PART
།		PUNCT
རིགས་ཅན་	རིགས་ཅན་	ADJ
གཞན་	གཞན་	DET
གཉིས་	གཉིས་	NUM
ཀྱང་	ཀྱང་	PART
མཐ་	མཐའ་	NOUN
ར་	ལ་	PART
འདི་	འདི་	DET
ལ་	ལ་	PART
སློབ་	སློབ་	VERB
དགོས་	དགོས་	VERB
མོད་	མོད་	VERB
ཀྱང་	ཀྱང་	PART
རེ་ཞིག་	རེ་ཞིག་	NO_POS
མ་ཡིན་པ་	མ་ཡིན་པ་	OTHER
ས་	གིས་	PART
།		PUNCT
རིགས་	རིགས་	NOUN
ནི་	ནི་	NO_POS
བླ་	བླ་	NOUN
ན་	ལ་	PART
མེད་པ་	མེད་པ་	VERB
འི་	གི་	PART
བྱང་ཆུབ་	བྱང་ཆུབ་	NOUN
ཏུ་	ལ་	PART
སེམས་བསྐྱེད་པ་	སེམས་བསྐྱེད་པ་	NOUN
འི་	གི་	PART
ཐེག་པ་	ཐེག་པ་	NOUN
ཆེན་པོ་	ཆེན་པོ་	ADJ
འོ་	གོ་	PART
། །		PUNCT
གང་ལ་ལ་	གང་ལ་ལ་	NO_POS
།		PUNCT
དེ་	དེ་	DET
འི་	གི་	PART
ཡང་	ཀྱང་	PART
ཐམས་ཅད་	ཐམས་ཅད་	DET
མ་	མ་	PART
ཡིན་	ཡིན་	NO_POS
ཏེ་	སྟེ་	PART
།		PUNCT
ལམ་	གམ་	PART
གྱི་	གི་	PART
ཤེས་པ་	ཤེས་པ་	VERB
འི་	གི་	PART
ས་པ་	ས་པ་	NOUN
དག་	དག་	DET
གོ་	གོ་	PART
། །		PUNCT
ཆོ་	ཆོ་	NOUN
རབ་ཏུ་	རབ་ཏུ་	NO_POS
རྣམ་པ་	རྣམ་པ་	NOUN
ར་	ལ་	PART
འབྱེད་པ་	འབྱེད་པ་	VERB
འི་	གི་	PART
བློ་གྲོས་	བློ་གྲོས་	NOUN
ཀྱིས་	གིས་	PART
།		PUNCT
ཆོ་	ཆོ་	NOUN
ཐམས་ཅད་	ཐམས་ཅད་	DET
རབ་ཏུ་	རབ་ཏུ་	NO_POS
མི་	མི་	PART
གནས་པ་	གནས་པ་	VERB
ར་	ལ་	PART
སྦྱངས་པ་	སྦྱངས་པ་	VERB
ནི་	ནི་	NO_POS
འདི་	འདི་	DET
ར་	ལ་	PART
ཤེས་རབ་	ཤེས་རབ་	NOUN
ཀྱི་	གི་	PART
ཕ་རོལ་	ཕ་རོལ་	NOUN
ཏུ་	ལ་	PART
ཕྱིན་པ་	ཕྱིན་པ་	VERB
འི་	གི་	PART
དོན་	དོན་	NOUN
དུ་	ལ་	PART
གཟུང་	གཟུང་	VERB
ངོ་	གོ་	PART
། །		PUNCT
ཟབ་མོ་	ཟབ་མོ་	ADJ
འི་	གི་	PART
སྤྱོད་པ་	སྤྱོད་པ་	VERB
ནི་	ནི་	NO_POS
གསེར་འོད་	གསེར་འོད་	PROPN
དམ་པ་	དམ་པ་	VERB
ལ་	ལ་	ADP
ས་	གིས་	PART
།		PUNCT
རིགས་	རིགས་	NOUN
ཀྱི་	གི་	PART
ལྷ་མོ་	ལྷ་མོ་	NOUN
ས་	གིས་	PART
བཅོམ་ལྡན་འདས་	བཅོམ་ལྡན་འདས་	NOUN
ལ་	ལ་	PART
གསོལ་པ་	གསོལ་པ་	VERB
།		PUNCT
བདག་	བདག་	PRON
དང་	དང་	NO_POS
གཞན་	གཞན་	DET
ལ་	ལ་	PART
ཕན་	ཕན་	NOUN
གདགས་	གདགས་	NO_POS
ཕྱི་	ཕྱི་	OTHER
། །		PUNCT
བྱང་ཆུབ་	བྱང་ཆུབ་	NOUN
སེམས་དཔའ་	སེམས་དཔའ་	NOUN
རྣམས་	རྣམས་	DET
ཀྱིས་	གིས་	PART
ནི་	ནི་	NO_POS
། །		PUNCT
འཁོར་བ་	འཁོར་བ་	NOUN
མྱ་ངན་	མྱ་ངན་	NOUN
འདའ་	འདའ་	VERB
བྲལ་བ་	བྲལ་བ་	VERB
འི་	གི་	PART
། །		PUNCT
བྱང་ཆུབ་	བྱང་ཆུབ་	NOUN
སྤྱོད་པ་	སྤྱོད་པ་	VERB
ཇི་ལྟ་		
སྤྱད་	སྤྱད་	VERB
། །		PUNCT
དེ་ནས་	དེ་ནས་	NO_POS
བཅོམ་ལྡན་འདས་	བཅོམ་ལྡན་འདས་	NOUN
ཀྱིས་	གིས་	PART
རིགས་	རིགས་	NOUN
ཀྱི་	གི་	PART
ལྷ་མོ་	ལྷ་མོ་	NOUN
ལ་	ལ་	PART
འདི་སྐད་	འདི་སྐད་	NO_POS
ཅེས་	ཅེས་	PART
བཀའ་	བཀའ་	NOUN
སྩལ་	སྩལ་	VERB
ཏོ་	གོ་	PART
། །		PUNCT
ལྷ་མོ་	ལྷ་མོ་	NOUN
།		PUNCT
ཆོ་	ཆོ་	NOUN
ཀྱི་	གི་	PART
དབྱིངས་	དབྱིངས་	NOUN
ལ་	ལ་	PART
གནས་	གནས་	NOUN
ཏེ་	སྟེ་	PART
བྱང་ཆུབ་	བྱང་ཆུབ་	NOUN
ཀྱི་	གི་	PART
སྤྱོད་པ་	སྤྱོད་པ་	VERB
སྤྱད་པ་	སྤྱད་པ་	VERB
ས་	གིས་	PART
ན་མཉམ་པ་	ན་མཉམ་པ་	NO_POS
ཉིད་	ཉིད་	DET
ལ་	ལ་	PART
ནན་ཏན་	ནན་ཏན་	NOUN
དུ་	ལ་	PART
བྱ་	བྱ་	VERB
འོ་	གོ་	PART
། །		PUNCT
དེ་སྐད་	དེ་སྐད་	NO_POS
ཅེས་	ཅེས་	PART
བཀའ་	བཀའ་	NOUN
སྩལ་པ་	སྩལ་པ་	VERB
དང་	དང་	NO_POS
ཞེ་	ཅེས་	PART
གསུངས་པ་	གསུངས་པ་	VERB
དེ་	དེ་	DET
འོ་	གོ་	PART
། །		PUNCT
རབ་ཏུ་	རབ་ཏུ་	NO_POS
མི་	མི་	PART
གནས་པ་	གནས་པ་	VERB
ར་	ལ་	PART
སྦྱངས་པ་	སྦྱངས་པ་	VERB
དེ་ཡང་	དེ་ཡང་	ADV
།		PUNCT
མེ་	མེ་	NOUN
ས་	གིས་	PART
བུད་ཤིང་	བུད་ཤིང་	NOUN
ཐལ་བ་	ཐལ་བ་	NOUN
ར་	ལ་	PART
བཏང་བ་	བཏང་བ་	VERB
ལྟ་བུ་	ལྟ་བུ་	NOUN
མ་	མ་	PART
ཡིན་	ཡིན་	NO_POS
ཏེ་	སྟེ་	PART
།		PUNCT
ཆོ་	ཆོ་	NOUN
ཐམས་ཅད་	ཐམས་ཅད་	DET
གཟོད་མ་	གཟོད་མ་	ADV
ན་	ནས་	PART
ཞི་བ་	ཞི་བ་	VERB
ཡིན་པ་	ཡིན་པ་	AUX
ས་	གིས་	PART
གཞི་	གཞི་	NOUN
ལ་	ལ་	PART
ཇི་ལྟ་		
གནས་པ་	གནས་པ་	VERB
ལམ་	གམ་	PART
དུ་	ལ་	PART
དེ་ལྟ་	དེ་ལྟ་	NO_POS
འཁྱེར་བ་	འཁྱེར་བ་	VERB
ས་	གིས་	PART
འབྲས་བུ་	འབྲས་བུ་	NOUN
ཇི་ལྟ་བ་	ཇི་ལྟ་བ་	ADJ
མངོན་དུ་	མངོན་དུ་	NO_POS
འགྱུར་བ་	འགྱུར་བ་	VERB
འོ་	གོ་	PART
། །		PUNCT
དེ་	དེ་	DET
འི་	གི་	PART
ཕྱི་	ཕྱི་	OTHER
ཤེར་ཕྱིན་	ཤེར་ཕྱིན་	PROPN
དེ་ཡང་	དེ་ཡང་	ADV
རང་བཞིན་	རང་བཞིན་	NOUN
།		PUNCT
ལམ་	གམ་	PART
།		PUNCT
འབྲས་བུ་	འབྲས་བུ་	NOUN
གསུམ་	གསུམ་	NUM
དུ་	ལ་	PART
བཞག་	བཞག་	VERB
སྟེ་	སྟེ་	PART
།		PUNCT
མགོན་པོ་	མགོན་པོ་	NOUN
ཀླུ་སྒྲུབ་	ཀླུ་སྒྲུབ་	PROPN
ཀྱིས་	གིས་	PART
།		PUNCT
འདི་ཉིད་	འདི་ཉིད་	OTHER
ཀྱི་	གི་	PART
སྒྲུབ་ཐབས་	སྒྲུབ་ཐབས་	NOUN
སུ་	ལ་	PART
།		PUNCT
དུས་གསུམ་	དུས་གསུམ་	OTHER
རྒྱལ་བ་	རྒྱལ་བ་	NOUN
ཀུན་	ཀུན་	DET
གྱི་	གི་	PART
གཞི་	གཞི་	NOUN
ཡིན་	ཡིན་	NO_POS
ལམ་	གམ་	PART
ཡིན་	ཡིན་	NO_POS
འབྲས་བུ་	འབྲས་བུ་	NOUN
འང་	ཀྱང་	PART
དེ་	སྟེ་	PART
། །		PUNCT
ཤེས་རབ་	ཤེས་རབ་	NOUN
མི་	མི་	PART
དམིགས་	དམིགས་	VERB
ཤེས་རབ་	ཤེས་རབ་	NOUN
སྙིང་པོ་	སྙིང་པོ་	NOUN
ཞེ་	ཅེས་	PART
གསུངས་	གསུངས་	VERB
སོ་	གོ་	PART
། །		PUNCT
འདི་ལྟར་	འདི་ལྟར་	NO_POS
རྣམ་པ་	རྣམ་པ་	NOUN
ར་	ལ་	PART
བལྟ་བ་	བལྟ་བ་	VERB
ར་	ལ་	PART
བྱ་	བྱ་	VERB
སྟེ་	སྟེ་	PART
།		PUNCT
ཕུང་པོ་	ཕུང་པོ་	NOUN
ལྔ་པོ་	ལྔ་པོ་	NUM
དེ་དག་	དེ་དག་	OTHER
ཀྱང་	ཀྱང་	PART
རང་བཞིན་	རང་བཞིན་	NOUN
གྱིས་	གིས་	PART
སྟོང་པ་	སྟོང་པ་	VERB
ར་	ལ་	PART
ཡང་དག་པ་	ཡང་དག་པ་	ADJ
ར་	ལ་	PART
རྗེས་སུ་	རྗེས་སུ་	OTHER
ལྟ་	ལྟ་	NOUN
འོ་	གོ་	PART
། །		PUNCT
ཕུང་པོ་	ཕུང་པོ་	NOUN
ནི་	ནི་	NO_POS
སྤུངས་པ་	སྤུངས་པ་	VERB
སྟེ་	སྟེ་	PART
དུ་མ་	དུ་མ་	ADJ
ཚོགས་པ་	ཚོགས་པ་	VERB
འི་	གི་	PART
བརྡ་	བརྡའ་	NOUN
འོ་	གོ་	PART
། །		PUNCT
དེ་ཡང་	དེ་ཡང་	ADV
འཆད་པ་	འཆད་པ་	VERB
ར་	ལ་	PART
འགྱུར་བ་	འགྱུར་བ་	VERB
ལྔ་	ལྔ་	NUM
ར་	ལ་	PART
ཕྱེ་	ཕྱེ་	VERB
ལ་	ལ་	PART
།		PUNCT
དངོས་པོ་	དངོས་པོ་	NOUN
དམིགས་	དམིགས་	VERB
སུ་	ལ་	PART
རུང་བ་	རུང་བ་	VERB
ནི་	ནི་	NO_POS
དེ་དག་	དེ་དག་	OTHER
ཏུ་	ལ་	PART
ཟད་	ཟད་	VERB
དོ་	གོ་	PART
། །		PUNCT
དེ་དག་	དེ་དག་	OTHER
ད་ལྟ་		
ཡོད་	ཡོད་	VERB
ཕྱི་	ཕྱི་	VERB
རྐྱེན་	རྐྱེན་	NOUN
གྱིས་	གིས་	PART
ཞིག་པ་	ཞིག་པ་	VERB
ལྟ་བུ་	ལྟ་བུ་	NOUN
འི་	གི་	PART
སྟོང་པ་	སྟོང་པ་	VERB
མ་ཡིན་པ་	མ་ཡིན་པ་	OTHER
ས་	གིས་	PART
རང་བཞིན་	རང་བཞིན་	NOUN
གྱི་	གི་	PART
སྟོང་པ་	སྟོང་པ་	VERB
ཞེ་	ཅེས་	PART
སྦྱར་	སྦྱར་	VERB
།		PUNCT
དེ་ཡང་	དེ་ཡང་	ADV
ཆོ་	ཆོ་	NOUN
ཐམས་ཅད་	ཐམས་ཅད་	DET
ཀྱི་	གི་	PART
རང་བཞིན་	རང་བཞིན་	NOUN
ནི་	ནི་	NO_POS
རབ་ཏུ་	རབ་ཏུ་	NO_POS
མི་	མི་	PART
གནས་པ་	གནས་པ་	VERB
ཡིན་པ་	ཡིན་པ་	AUX
ས་	གིས་	PART
།		PUNCT
རབ་ཏུ་	རབ་ཏུ་	NO_POS
མི་	མི་	PART
གནས་པ་	གནས་པ་	VERB
ས་	གིས་	PART
དེ་དག་	དེ་དག་	OTHER
སྟོང་	སྟོང་	NUM
སྟེ་	སྟེ་	PART
།		PUNCT
འཇུག་པ་	འཇུག་པ་	VERB
ར་	ལ་	PART
།		PUNCT
གང་	གང་	NO_POS
ཕྱི་	ཕྱི་	OTHER
དེ་	སྟེ་	PART
ཡི་	གི་	PART
རང་བཞིན་	རང་བཞིན་	NOUN
དེ་	སྟེ་	PART
། །		PUNCT
ཡིན་	ཡིན་	NO_POS
ཕྱི་	ཕྱི་	OTHER
མིག་	མིག་	NOUN
ནི་	ནི་	NO_POS
མིག་	མིག་	NOUN
གིས་	གིས་	PART
སྟོང་	སྟོང་	NUM
། །		PUNCT
ཞེས་་	ཞེས་པ་	PART
ས་	གིས་	PART
སོ་	གོ་	PART
། །		PUNCT
དེ་ལྟ་	དེ་ལྟ་	NO_POS
མདོ་	མདོ་	NOUN
ར་	ལ་	PART
བསྟན་	བསྟན་	VERB
ན་	ནས་	PART
ཞིབ་མོ་	ཞིབ་མོ་	ADJ
ར་	ལ་	PART
འཆད་པ་	འཆད་པ་	VERB
འི་	གི་	PART
ཕྱི་	ཕྱི་	OTHER
གཟུགས་	གཟུགས་	NOUN
སྟོང་པ་	སྟོང་པ་	VERB
འོ་	གོ་	PART
། །		PUNCT
ཆོ་	ཆོ་	NOUN
མངོན་པ་	མངོན་པ་	OTHER
།		PUNCT
གཟུགས་	གཟུགས་	NOUN
སུ་	ལ་	PART
རུང་བ་	རུང་བ་	VERB
ནི་	ནི་	NO_POS
གཟུགས་	གཟུགས་	NOUN
།		PUNCT
དེ་	སྟེ་	PART
དུ་མ་	དུ་མ་	ADJ
སྤུངས་པ་	སྤུངས་པ་	VERB
གཟུགས་ཕུང་	གཟུགས་ཕུང་	NO_POS
དུ་	ལ་	PART
བཞག་པ་	བཞག་པ་	VERB
ས་	གིས་	PART
ན་	ལ་	PART
།		PUNCT
གཟུགས་	གཟུགས་	NOUN
ཀྱི་	གི་	PART
ཕུང་པོ་	ཕུང་པོ་	NOUN
དེ་	སྟེ་	PART
ཐམས་ཅད་	ཐམས་ཅད་	DET
ངོ་བོ་	ངོ་བོ་	NOUN
ས་	གིས་	PART
སྟོང་པ་	སྟོང་པ་	VERB
ས་	གིས་	PART
དེ་དག་	དེ་དག་	OTHER
སྟོང་པ་ཉིད་	སྟོང་པ་ཉིད་	NOUN
དོ་	གོ་	PART
། །		PUNCT
རང་བཞིན་	རང་བཞིན་	NOUN
ནམ་	གམ་	PART
ངོ་བོ་	ངོ་བོ་	NOUN
དེ་ཉིད་	དེ་ཉིད་	NOUN
གཟུགས་	གཟུགས་	NOUN
སུ་	ལ་	PART
སྣང་བ་	སྣང་བ་	VERB
ས་	གིས་	PART
སྟོང་པ་ཉིད་	སྟོང་པ་ཉིད་	NOUN
གཟུགས་	གཟུགས་	NOUN
སོ་	གོ་	PART
། །		PUNCT
དེ་	དེ་	DET
འི་	གི་	PART
ཕྱི་	ཕྱི་	OTHER
གཟུགས་	གཟུགས་	NOUN
ལ་	ལ་	ADP
ས་	གིས་	PART
སྟོང་པ་ཉིད་	སྟོང་པ་ཉིད་	NOUN
གཞན་མ་	གཞན་མ་	PRON
ཡིན་	ཡིན་	NO_POS
།		PUNCT
སྟོང་པ་ཉིད་	སྟོང་པ་ཉིད་	NOUN
ལ་	ལ་	ADP
ས་	གིས་	PART
ཀྱང་	ཀྱང་	PART
གཟུགས་	གཟུགས་	NOUN
གཞན་མ་	གཞན་མ་	PRON
ཡིན་	ཡིན་	NO_POS
ནོ་	གོ་	PART
། །		PUNCT
དེ་ཡང་	དེ་ཡང་	ADV
དཔེ་	དཔེ་	NOUN
ས་	གིས་	PART
བཤད་	བཤད་	VERB
ན་	ལ་	PART
།		PUNCT
སྣོད་	སྣོད་	NOUN
དག་པ་	དག་པ་	VERB
ར་	ལ་	PART
ཞོ་	ཞོ་	NOUN
གཙང་མ་	གཙང་མ་	ADJ
བླུགས་པ་	བླུགས་པ་	VERB
རྒན་མོ་	རྒན་མོ་	ADJ
མིག་	མིག་	NOUN
རབ་རིབ་	རབ་རིབ་	NOUN
ཀྱིས་	གིས་	PART
ཁེབས་པ་	ཁེབས་པ་	VERB
ལ་	ལ་	PART
བྱིན་	བྱིན་	VERB
ན་	ལ་	PART
།		PUNCT
དེ་	དེ་	DET
ས་	གིས་	PART
དེ་	སྟེ་	PART
སྐྲ་ཤད་	སྐྲ་ཤད་	NO_POS
ཀྱིས་	གིས་	PART
གང་བ་	གང་བ་	VERB
ར་	ལ་	PART
མཐོང་	མཐོང་	VERB
སྟེ་	སྟེ་	PART
སེལ་བ་	སེལ་བ་	VERB
ར་	ལ་	PART
རྩོམ་	རྩོམ་	VERB
མོ་	གོ་	PART
། །		PUNCT
མིག་	མིག་	NOUN
དག་པ་	དག་པ་	VERB
ས་	གིས་	PART
དེ་ཉིད་	དེ་ཉིད་	NOUN
དུ་	ལ་	PART
སྐྲ་ཤད་	སྐྲ་ཤད་	NO_POS
མ་	མ་	PART
མཐོང་	མཐོང་	VERB
ན་	ནས་	PART
བརྡ་སྤྲོད་	བརྡ་སྤྲོད་	OTHER
དོ་	གོ་	PART
། །		PUNCT
དེ་ཉིད་	དེ་ཉིད་	NOUN
ཀྱང་	ཀྱང་	PART
མིག་ནད་	མིག་ནད་	OTHER
དག་པ་	དག་པ་	VERB
ན་	ལ་	PART
སྐྲ་ཤད་	སྐྲ་ཤད་	NO_POS
གཅིག་	གཅིག་	NUM
ཀྱང་	ཀྱང་	PART
མི་	མི་	PART
སྣང་ངོ་	སྣང་ངོ་	NOUN
། །		PUNCT
དེ་ལས་	དེ་ལས་	NO_POS
གཟུགས་	གཟུགས་	NOUN
ངོ་བོ་	ངོ་བོ་	NOUN
ས་	གིས་	PART
སྟོང་པ་	སྟོང་པ་	VERB
ནི་	ནི་	NO_POS
།		PUNCT
ཞོ་	ཞོ་	NOUN
གཙང་མ་	གཙང་མ་	ADJ
ར་	ལ་	PART
མཐོང་བ་	མཐོང་བ་	VERB
ས་	གིས་	PART
སྐྲ་ཤད་	སྐྲ་ཤད་	NO_POS
མི་	མི་	PART
རྙེད་པ་	རྙེད་པ་	VERB
ལྟ་བུ་	ལྟ་བུ་	NOUN
།		PUNCT
རང་བཞིན་	རང་བཞིན་	NOUN
གཟུགས་	གཟུགས་	NOUN
སུ་	ལ་	PART
སོང་བ་	སོང་བ་	VERB
ནི་	ནི་	NO_POS
།		PUNCT
རབ་རིབ་	རབ་རིབ་	NOUN
ཅན་	ཅན་	PART
ལ་	ལ་	PART
ཞོ་	ཞོ་	NOUN
གཙང་མ་	གཙང་མ་	ADJ
དེ་	སྟེ་	PART
ཁ་	ཁ་	PRON
སྐྲ་ཤད་	སྐྲ་ཤད་	NO_POS
ཅན་	ཅན་	PART
དུ་	ལ་	PART
སྣང་བ་	སྣང་བ་	VERB
ལྟ་བུ་	ལྟ་བུ་	NOUN
།		PUNCT
གཟུགས་	གཟུགས་	NOUN
ལ་	ལ་	ADP
ས་	གིས་	PART
སྟོང་པ་	སྟོང་པ་	VERB
དང་	དང་	NO_POS
སྟོང་པ་	སྟོང་པ་	VERB
ལ་	ལ་	ADP
ས་	གིས་	PART
གཟུགས་	གཟུགས་	NOUN
གཞན་མ་	གཞན་མ་	PRON
ཡིན་པ་	ཡིན་པ་	AUX
།		PUNCT
ཞོ་	ཞོ་	NOUN
གཙང་མ་	གཙང་མ་	ADJ
དེ་ལས་	དེ་ལས་	NO_POS
སྐྲ་ཤད་	སྐྲ་ཤད་	NO_POS
ཅན་	ཅན་	PART
ནམ་	གམ་	PART
།		PUNCT
དེ་ལས་	དེ་ལས་	NO_POS
ཞོ་	ཞོ་	NOUN
གཙང་མ་	གཙང་མ་	ADJ
ལོགས་	ལོགས་	NOUN
སུ་	ལ་	PART
མི་	མི་	PART
རྙེད་པ་	རྙེད་པ་	VERB
ལྟ་བུ་	ལྟ་བུ་	NOUN
འོ་	གོ་	PART
། །		PUNCT
དེ་	དེ་	DET
འི་	གི་	PART
ཕྱི་	ཕྱི་	OTHER
སྟོན་པ་	སྟོན་པ་	NOUN
ས་	གིས་	PART
ཀུན་	ཀུན་	DET
ན་	ནས་	PART
ཉོན་མོངས་པ་	ཉོན་མོངས་པ་	NOUN
འི་	གི་	PART
ངོ་བོ་	ངོ་བོ་	NOUN
ཉིད་	ཉིད་	DET
ཤེས་པ་	ཤེས་པ་	VERB
དེ་	དེ་	DET
འི་	གི་	PART
རྣམ་པ་	རྣམ་པ་	NOUN
ར་	ལ་	PART
བྱང་བ་	བྱང་བ་	VERB
ཞེ་	ཅེས་	PART
གསུངས་	གསུངས་	VERB
སོ་	གོ་	PART
། །		PUNCT
རབ་ཏུ་	རབ་ཏུ་	NO_POS
མི་	མི་	PART
གནས་པ་	གནས་པ་	VERB
དེ་	སྟེ་	PART
མཐོང་	མཐོང་	VERB
ན་	ལ་	PART
དམིགས་པ་	དམིགས་པ་	VERB
ཐམས་ཅད་	ཐམས་ཅད་	DET
ལ་	ལ་	PART
སྡོད་པ་	སྡོད་པ་	VERB
འི་	གི་	PART
གླགས་	གླགས་	VERB
མེད་	མེད་	VERB
དོ་	གོ་	PART
། །		PUNCT
དེ་ལྟ་	དེ་ལྟ་	NO_POS
ཡང་དག་པ་	ཡང་དག་པ་	ADJ
ར་	ལ་	PART
མཐོང་བ་	མཐོང་བ་	VERB
དེ་	སྟེ་	PART
ཁ་	ཁ་	PRON
ཐར་པ་	ཐར་པ་	VERB
དང་	དང་	NO_POS
ཐམས་ཅད་	ཐམས་ཅད་	DET
མཁྱེན་པ་	མཁྱེན་པ་	VERB
འོ་	གོ་	PART
། །		PUNCT
དེ་བཞིན་	དེ་བཞིན་	OTHER
དུ་	ལ་	PART
།		PUNCT
ཚོར་བ་	ཚོར་བ་	VERB
དང་	དང་	NO_POS
།		PUNCT
ཉམས་	ཉམས་	NOUN
སུ་	ལ་	PART
མྱོང་བ་	མྱོང་བ་	VERB
ནི་	ནི་	NO_POS
ཚོར་བ་	ཚོར་བ་	VERB
སྟེ་	སྟེ་	PART
།		PUNCT
དེ་	དེ་	DET
འི་	གི་	PART
ཕུང་པོ་	ཕུང་པོ་	NOUN
ཡང་	ཀྱང་	PART
།		PUNCT
རང་བཞིན་	རང་བཞིན་	NOUN
གྱིས་	གིས་	PART
སྟོང་	སྟོང་	NUM
ངོ་	གོ་	PART
། །		PUNCT
སྟོང་པ་ཉིད་	སྟོང་པ་ཉིད་	NOUN
དེ་	སྟེ་	PART
ཚོར་བ་	ཚོར་བ་	VERB
འི་	གི་	PART
ཕུང་པོ་	ཕུང་པོ་	NOUN
འོ་	གོ་	PART
། །		PUNCT
ཚོར་བ་	ཚོར་བ་	VERB
ལ་	ལ་	ADP
ས་	གིས་	PART
སྟོང་པ་ཉིད་	སྟོང་པ་ཉིད་	NOUN
གཞན་མ་	གཞན་མ་	PRON
ཡིན་	ཡིན་	NO_POS
།		PUNCT
སྟོང་པ་ཉིད་	སྟོང་པ་ཉིད་	NOUN
ལ་	ལ་	ADP
ས་	གིས་	PART
ཀྱང་	ཀྱང་	PART
ཚོར་བ་	ཚོར་བ་	VERB
གཞན་མ་	གཞན་མ་	PRON
ཡིན་	ཡིན་	NO_POS
ནོ་	གོ་	PART
། །		PUNCT
འདུ་ཤེས་	འདུ་ཤེས་	NOUN
དང་	དང་	NO_POS
།		PUNCT
མཚན་མ་	མཚན་མ་	NOUN
ར་	ལ་	PART
འཛིན་པ་	འཛིན་པ་	VERB
འདུ་ཤེས་	འདུ་ཤེས་	NOUN
ཏེ་	སྟེ་	PART
།		PUNCT
དེ་	དེ་	DET
འི་	གི་	PART
ཕུང་པོ་	ཕུང་པོ་	NOUN
དང་	དང་	NO_POS
།		PUNCT
འདུ་བྱེད་	འདུ་བྱེད་	NOUN
རྣམས་	རྣམས་	DET
དང་	དང་	NO_POS
།		PUNCT
སེམས་	སེམས་	NOUN
མངོན་པ་	མངོན་པ་	OTHER
འདུ་བྱེད་པ་	འདུ་བྱེད་པ་	NOUN
ནི་	ནི་	NO_POS
འདུ་བྱེད་	འདུ་བྱེད་	NOUN
དང་	དང་	NO_POS
།		PUNCT
དེ་	སྟེ་	PART
ནི་	ནི་	NO_POS
རབ་ཏུ་	རབ་ཏུ་	NO_POS
མང་བ་	མང་བ་	VERB
ས་	གིས་	PART
རྣམས་	རྣམས་	DET
སྒྲ་	སྒྲ་	NOUN
སྦྱར་	སྦྱར་	VERB
ལ་	ལ་	PART
།		PUNCT
རྣམ་པ་	རྣམ་པ་	NOUN
ར་	ལ་	PART
ཤེས་པ་	ཤེས་པ་	VERB
རྣམས་	རྣམས་	DET
སྟོང་པ་	སྟོང་པ་	VERB
འོ་	གོ་	PART
། །		PUNCT
རྣམ་པ་	རྣམ་པ་	NOUN
ར་	ལ་	PART
རིག་པ་	རིག་པ་	VERB
ས་	གིས་	PART
རྣམ་པ་	རྣམ་པ་	NOUN
ར་	ལ་	PART
ཤེས་པ་	ཤེས་པ་	VERB
སྟེ་	སྟེ་	PART
།		PUNCT
དེ་	དེ་	DET
འི་	གི་	PART
ཕུང་པོ་	ཕུང་པོ་	NOUN
།		PUNCT
དེ་	སྟེ་	PART
ཐམས་ཅད་	ཐམས་ཅད་	DET
ལ་	ལ་	PART
གཞི་	གཞི་	NOUN
སྦྱར་	སྦྱར་	VERB
ན་	ནས་	PART
ཤེས་པ་	ཤེས་པ་	VERB
ར་	ལ་	PART
བྱ་	བྱ་	VERB
འོ་	གོ་	PART
། །		PUNCT
ཤཱ་རི་	ཤཱ་རི་	PROPN
འི་	གི་	PART
བུ་	བུ་	NOUN
དེ་ལྟ་	དེ་ལྟ་	NO_POS
ཆོ་	ཆོ་	NOUN
ཐམས་ཅད་	ཐམས་ཅད་	DET
ནི་	ནི་	NO_POS
སྟོང་པ་ཉིད་	སྟོང་པ་ཉིད་	NOUN
དེ་	སྟེ་	PART
།		PUNCT
དེ་དག་	དེ་དག་	OTHER
ཀྱང་	ཀྱང་	PART
གསེར་འོད་	གསེར་འོད་	PROPN
ཀྱི་	གི་	PART
སྔ་	སྔ་	NOUN
གྱི་	གི་	PART
འཕྲོ་	འཕྲོ་	NOUN
ར་	ལ་	PART
།		PUNCT
རིགས་	རིགས་	NOUN
ཀྱི་	གི་	PART
ལྷ་མོ་	ལྷ་མོ་	NOUN
ས་	གིས་	PART
བཅོམ་ལྡན་འདས་	བཅོམ་ལྡན་འདས་	NOUN
ལ་	ལ་	PART
འདི་སྐད་	འདི་སྐད་	NO_POS
ཅེས་	ཅེས་	PART
གསོལ་	གསོལ་	VERB
ཏོ་	གོ་	PART
། །		PUNCT
བཅོམ་ལྡན་འདས་	བཅོམ་ལྡན་འདས་	NOUN
ཇི་ལྟ་		
ན་	ལ་	PART
ཆོ་	ཆོ་	NOUN
ཀྱི་	གི་	PART
དབྱིངས་	དབྱིངས་	NOUN
ལ་	ལ་	PART
གནས་	གནས་	NOUN
ཏེ་	སྟེ་	PART
བྱང་ཆུབ་	བྱང་ཆུབ་	NOUN
ཀྱི་	གི་	PART
སྤྱད་པ་	སྤྱད་པ་	VERB
སྤྱོད་	སྤྱོད་	VERB
ཅིང་	ཅིང་	PART
མཉམ་པ་ཉིད་	མཉམ་པ་ཉིད་	NOUN
ལ་	ལ་	PART
ནན་ཏན་	ནན་ཏན་	NOUN
དུ་	ལ་	PART
བགྱི་བ་	བགྱི་བ་	VERB
ལགས་	ལགས་	AUX
།		PUNCT
ལྷ་མོ་	ལྷ་མོ་	NOUN
དེ་	སྟེ་	PART
ནི་	ནི་	NO_POS
ཕུང་པོ་	ཕུང་པོ་	NOUN
ལྔ་	ལྔ་	NUM
ལ་	ལ་	PART
ཆོ་	ཆོ་	NOUN
ཀྱི་	གི་	PART
དབྱིངས་	དབྱིངས་	NOUN
སུ་	ལ་	PART
འདོགས་	འདོགས་	VERB
ཏེ་	སྟེ་	PART
།		PUNCT
ཆོ་	ཆོ་	NOUN
ཀྱི་	གི་	PART
དབྱིངས་	དབྱིངས་	NOUN
ནི་	ནི་	NO_POS
ཕུང་པོ་	ཕུང་པོ་	NOUN
ལྔ་	ལྔ་	NUM
ཉིད་	ཉིད་	DET
དོ་	གོ་	PART
། །		PUNCT
ཞེ་	ཅེས་	PART
གསུངས་	གསུངས་	VERB
སོ་	གོ་	PART
། །		PUNCT
སྟོན་པ་	སྟོན་པ་	NOUN
ས་	གིས་	PART
ཆོས་ཅན་	ཆོས་ཅན་	NOUN
རེ་རེ་	རེ་རེ་	DET
འང་	ཀྱང་	PART
།		PUNCT
མཚན་ཉིད་གསུམ་	མཚན་ཉིད་གསུམ་	NO_POS
དུ་	ལ་	PART
ཕྱེ་	ཕྱེ་	VERB
སྟེ་	སྟེ་	PART
བསྟན་པ་	བསྟན་པ་	VERB
འི་	གི་	PART
སྐབས་	སྐབས་	NOUN
སུ་	ལ་	PART
།		PUNCT
ཀུན་བརྟགས་པ་	ཀུན་བརྟགས་པ་	NO_POS
འི་	གི་	PART
གཟུགས་	གཟུགས་	NOUN
གསུངས་པ་	གསུངས་པ་	VERB
དེ་	སྟེ་	PART
སྐྲ་ཤད་	སྐྲ་ཤད་	NO_POS
ལྟ་བུ་	ལྟ་བུ་	NOUN
།		PUNCT
རྣམ་པ་	རྣམ་པ་	NOUN
ར་	ལ་	PART
བརྟགས་པ་	བརྟགས་པ་	VERB
འི་	གི་	PART
གཟུགས་	གཟུགས་	NOUN
ཞོ་	ཞོ་	NOUN
དང་	དང་	NO_POS
དེ་	སྟེ་	PART
འདྲེས་མ་	འདྲེས་མ་	OTHER
ར་	ལ་	PART
མཐོང་བ་	མཐོང་བ་	VERB
༑		PUNCT
ཆོས་ཉིད་	ཆོས་ཉིད་	NOUN
ཀྱི་	གི་	PART
གཟུགས་	གཟུགས་	NOUN
ནི་	ནི་	NO_POS
ཞོ་	ཞོ་	NOUN
གཙང་མ་	གཙང་མ་	ADJ
ལྟ་བུ་	ལྟ་བུ་	NOUN
།		PUNCT
གཟུགས་	གཟུགས་	NOUN
དང་	དང་	NO_POS
དེ་	དེ་	DET
འི་	གི་	PART
རང་བཞིན་	རང་བཞིན་	NOUN
མ་	མ་	PART
ཕྱེ་བ་	ཕྱེ་བ་	VERB
།		PUNCT
དེ་དུས་	དེ་དུས་	PRON
ཀྱི་	གི་	PART
གདུལ་བྱ་	གདུལ་བྱ་	NOUN
ས་	གིས་	PART
ཞིབ་མོ་	ཞིབ་མོ་	ADJ
མ་	མ་	PART
བཟོད་པ་	བཟོད་པ་	VERB
ས་	གིས་	PART
ཡིན་	ཡིན་	NO_POS
།		PUNCT
འདི་	འདི་	DET
ར་	ལ་	PART
དེ་	སྟེ་	PART
ཕྱེ་བ་	ཕྱེ་བ་	VERB
ས་	གིས་	PART
ཆོས་ཉིད་	ཆོས་ཉིད་	NOUN
ཀྱི་	གི་	PART
ཚེ་	ཚེ་	NOUN
གཟུགས་	གཟུགས་	NOUN
བཞག་	བཞག་	VERB
ཏུ་	ལ་	PART
མེད་	མེད་	VERB
དོ་	གོ་	PART
། །		PUNCT
མཚན་ཉིད་	མཚན་ཉིད་	NOUN
མེད་པ་	མེད་པ་	VERB
༑		PUNCT
མཚན་ཉིད་	མཚན་ཉིད་	NOUN
གཉིས་	གཉིས་	NUM
ལ་	ལ་	ADP
ས་	གིས་	PART
།		PUNCT
དངོས་པོ་	དངོས་པོ་	NOUN
དག་	དག་	DET
ནི་	ནི་	NO_POS
མི་རྟག་པ་	མི་རྟག་པ་	OTHER
ལ་སོགས་པ་	ལ་སོགས་པ་	NO_POS
སྤྱི་	སྤྱི་	DET
འི་	གི་	PART
མཚན་ཉིད་	མཚན་ཉིད་	NOUN
འདི་	འདི་	DET
ས་	གིས་	PART
གཟུགས་	གཟུགས་	NOUN
རྟག་	རྟག་	VERB
ཅེས་	ཅེས་	PART
།		PUNCT
རྟག་	རྟག་	VERB
ན་	ལ་	PART
མཚན་མ་	མཚན་མ་	NOUN
ར་	ལ་	PART
འགྱུར་བ་	འགྱུར་བ་	VERB
ར་	ལ་	PART
མ་ཟད་	མ་ཟད་	NO_POS
གཟུགས་	གཟུགས་	NOUN
མི་རྟག་	མི་རྟག་	OTHER
གོ་	གོ་	PART
ཞེ་	ཅེས་	PART
བརྗོད་པ་	བརྗོད་པ་	VERB
འང་	ཀྱང་	PART
མཚན་མ་	མཚན་མ་	NOUN
འོ་	གོ་	PART
། །		PUNCT
དེས་ན་	དེས་ན་	NO_POS
གཟུགས་	གཟུགས་	NOUN
རྟག་པ་	རྟག་པ་	VERB
དང་	དང་	NO_POS
མི་རྟག་པ་	མི་རྟག་པ་	OTHER
ར་	ལ་	PART
དམིགས་པ་	དམིགས་པ་	VERB
དེ་	དེ་	DET
ས་	གིས་	PART
སྤྱི་	སྤྱི་	DET
འི་	གི་	PART
མཚན་ཉིད་	མཚན་ཉིད་	NOUN
མེད་པ་	མེད་པ་	VERB
ཞེ་	ཅེས་	PART
བྱ་	བྱ་	VERB
འོ་	གོ་	PART
། །		PUNCT
གཟུགས་	གཟུགས་	NOUN
སུ་	ལ་	PART
རུང་བ་	རུང་བ་	VERB
ལ་སོགས་པ་	ལ་སོགས་པ་	NO_POS
ནི་	ནི་	NO_POS
རང་	རང་	PRON
གི་	གི་	PART
མཚན་ཉིད་	མཚན་ཉིད་	NOUN
དེ་	སྟེ་	PART
།		PUNCT
གཟུགས་	གཟུགས་	NOUN
བཞག་	བཞག་	VERB
ཏུ་	ལ་	PART
མེད་པ་	མེད་པ་	VERB
ས་	གིས་	PART
དེ་	དེ་	DET
ར་	ལ་	PART
རུང་བ་	རུང་བ་	VERB
མ་	མ་	PART
བྱུང་	བྱུང་	VERB
།		PUNCT
ཞོ་	ཞོ་	NOUN
གཙང་མ་	གཙང་མ་	ADJ
སྐྲ་ཤད་	སྐྲ་ཤད་	NO_POS
ཅན་	ཅན་	PART
དུ་	ལ་	PART
ཤར་བ་	ཤར་བ་	VERB
འི་	གི་	PART
ཚེ་	ཚེ་	NOUN
ཞོ་	ཞོ་	NOUN
ལ་	ལ་	PART
སྐྲ་ཤད་	སྐྲ་ཤད་	NO_POS
ཡོད་	ཡོད་	VERB
མ་	མ་	PART
མྱོང་བ་	མྱོང་བ་	VERB
བཞིན་	བཞིན་	NOUN
།		PUNCT
སྟོང་པ་ཉིད་	སྟོང་པ་ཉིད་	NOUN
ཕུང་པོ་	ཕུང་པོ་	NOUN
ལྟ་	ལྟ་	OTHER
བཞག་པ་	བཞག་པ་	VERB
འི་	གི་	PART
ཚེ་	ཚེ་	NOUN
ཡང་	ཀྱང་	PART
ཕུང་པོ་	ཕུང་པོ་	NOUN
ལྟ་	ལྟ་	OTHER
མ་	མ་	PART
སོང་	སོང་	VERB
།		PUNCT
སོང་	སོང་	VERB
ན་	ལ་	PART
ཕུང་པོ་	ཕུང་པོ་	NOUN
ལྔ་	ལྔ་	NUM
མི་སྣང་བ་	མི་སྣང་བ་	NO_POS
ར་	ལ་	PART
འགྱུར་བ་	འགྱུར་བ་	VERB
ལྟ་	ལྟ་	OTHER
སྟོང་པ་ཉིད་	སྟོང་པ་ཉིད་	NOUN
ཀྱང་	ཀྱང་	PART
ཆད་པ་	ཆད་པ་	VERB
ར་	ལ་	PART
འགྱུར་	འགྱུར་	VERB
རོ་	རོ་	NOUN
། །		PUNCT
གལ་ཏེ་	གལ་ཏེ་	NO_POS
སྟོང་ཉིད་	སྟོང་ཉིད་	NOUN
གཞན་	གཞན་	DET
ལ་	ལ་	PART
ཕུང་པོ་	ཕུང་པོ་	NOUN
ལྔ་	ལྔ་	NUM
དེ་	སྟེ་	PART
ལ་	ལ་	PART
དྲི་མ་	དྲི་མ་	NOUN
འབགས་པ་	འབགས་པ་	VERB
ལྟ་བུ་	ལྟ་བུ་	NOUN
ར་	ལ་	PART
འདོད་	འདོད་	VERB
ན་	ལ་	PART
རྟག་པ་	རྟག་པ་	VERB
ར་	ལ་	PART
འགྱུར་	འགྱུར་	VERB
རོ་	རོ་	NOUN
། །		PUNCT
དེ་	དེ་	DET
ས་	གིས་	PART
རང་	རང་	PRON
གི་	གི་	PART
མཚན་ཉིད་	མཚན་ཉིད་	NOUN
ཀྱིས་	གིས་	PART
ཀྱང་	ཀྱང་	PART
སྟོང་པ་	སྟོང་པ་	VERB
ས་	གིས་	PART
མཚན་ཉིད་	མཚན་ཉིད་	NOUN
མེད་པ་	མེད་པ་	VERB
ཞེ་	ཅེས་	PART
བྱ་	བྱ་	VERB
འོ་	གོ་	PART
། །		PUNCT
གསེར་འོད་	གསེར་འོད་	PROPN
ཀྱི་	གི་	PART
འཕྲོ་	འཕྲོ་	NOUN
ས་	གིས་	PART
སུ་	ལ་	PART
ཕུང་པོ་	ཕུང་པོ་	NOUN
ལྔ་	ལྔ་	NUM
ཡང་	ཀྱང་	PART
བརྗོད་	བརྗོད་	VERB
དུ་	ལ་	PART
མེད་པ་	མེད་པ་	VERB
།		PUNCT
ཕུང་པོ་	ཕུང་པོ་	NOUN
ལྔ་	ལྔ་	NUM
མ་ཡིན་པ་	མ་ཡིན་པ་	OTHER
ཡང་	ཀྱང་	PART
བརྗོད་	བརྗོད་	VERB
དུ་	ལ་	PART
མེད་པ་	མེད་པ་	VERB
སྟེ་	སྟེ་	PART
།		PUNCT
དེ་	སྟེ་	PART
ལ་	ལ་	PART
ཆོ་	ཆོ་	NOUN
ཀྱི་	གི་	PART
དབྱིངས་	དབྱིངས་	NOUN
དེ་ཉིད་	དེ་ཉིད་	NOUN
ཕུང་པོ་	ཕུང་པོ་	NOUN
ལྔ་	ལྔ་	NUM
ཡིན་	ཡིན་	NO_POS
ན་	ལ་	PART
ནི་	ནི་	NO_POS
ཆད་པ་	ཆད་པ་	VERB
ར་	ལ་	PART
འགྱུར་	འགྱུར་	VERB
རོ་	རོ་	NOUN
། །		PUNCT
གལ་ཏེ་	གལ་ཏེ་	NO_POS
ཕུང་པོ་	ཕུང་པོ་	NOUN
ལྔ་	ལྔ་	NUM
ལ་	ལ་	ADP
ས་	གིས་	PART
གཞན་པ་	གཞན་པ་	DET
ར་	ལ་	PART
འདོད་	འདོད་	VERB
ན་	ལ་	PART
ནི་	ནི་	NO_POS
རྟག་པ་	རྟག་པ་	VERB
ར་	ལ་	PART
འགྱུར་	འགྱུར་	VERB
རོ་	རོ་	NOUN
། །		PUNCT
མཚན་མ་	མཚན་མ་	NOUN
གཉིས་	གཉིས་	NUM
དང་	དང་	NO_POS
བྲལ་བ་	བྲལ་བ་	VERB
།		PUNCT
མཐའ་	མཐའ་	NOUN
གཉིས་	གཉིས་	NUM
ལ་	ལ་	PART
མི་	མི་	PART
གནས་པ་	གནས་པ་	VERB
།		PUNCT
ལྟ་	ལྟ་	OTHER
མེད་པ་	མེད་པ་	VERB
ལྟ་བ་	ལྟ་བ་	VERB
ར་	ལ་	PART
བྱ་བ་	བྱ་བ་	VERB
ལ་	ལ་	ADP
ས་	གིས་	PART
འདས་པ་	འདས་པ་	VERB
།		PUNCT
མིང་	མིང་	NOUN
དང་	དང་	NO_POS
མཚན་མ་	མཚན་མ་	NOUN
མེད་པ་	མེད་པ་	VERB
དེ་	སྟེ་	PART
ནི་	ནི་	NO_POS
ཆོ་	ཆོ་	NOUN
ཀྱི་	གི་	PART
དབྱིངས་	དབྱིངས་	NOUN
ཞེ་	ཅེས་	PART
བརྗོད་	བརྗོད་	VERB
དོ་	གོ་	PART
། །		PUNCT
ཞེ་	ཅེས་	PART
གསུངས་	གསུངས་	VERB
སོ་	གོ་	PART
། །		PUNCT
མ་	མ་	PART
སྐྱེས་པ་	སྐྱེས་པ་	VERB
།		PUNCT
ཕུང་པོ་	ཕུང་པོ་	NOUN
ལྔ་པོ་	ལྔ་པོ་	NUM
དེ་	སྟེ་	PART
བདག་	བདག་	PRON
དང་	དང་	NO_POS
གཞན་	གཞན་	DET
དང་	དང་	NO_POS
གཉིས་ཀ་	གཉིས་ཀ་	OTHER
དང་	དང་	NO_POS
རྒྱུ་	རྒྱུ་	NOUN
མེད་པ་	མེད་པ་	VERB
ལས་མི་	ལས་མི་	NOUN
སྐྱེ་བ་	སྐྱེ་བ་	VERB
ས་	གིས་	PART
སྟོང་པ་	སྟོང་པ་	VERB
སྟེ་	སྟེ་	PART
།		PUNCT
གསེར་འོད་	གསེར་འོད་	PROPN
ཀྱི་	གི་	PART
འཕྲོ་	འཕྲོ་	NOUN
ས་	གིས་	PART
སུ་	ལ་	PART
།		PUNCT
རིགས་	རིགས་	NOUN
ཀྱི་	གི་	PART
ལྷ་མོ་	ལྷ་མོ་	NOUN
།		PUNCT
ཕུང་པོ་	ཕུང་པོ་	NOUN
ལྔ་	ལྔ་	NUM
ལ་	ལ་	PART
ཆོ་	ཆོ་	NOUN
ཀྱི་	གི་	PART
དབྱིངས་	དབྱིངས་	NOUN
སུ་	ལ་	PART
ཇི་ལྟ་		
གདགས་	གདགས་	NO_POS
ཞེ་ན་	ཅེ་ན་	PART
།		PUNCT
ཕུང་པོ་	ཕུང་པོ་	NOUN
ལྔ་པོ་	ལྔ་པོ་	NUM
དེ་	སྟེ་	PART
ནི་	ནི་	NO_POS
རྒྱུ་	རྒྱུ་	NOUN
དང་	དང་	NO_POS
རྐྱེན་	རྐྱེན་	NOUN
གྱིས་	གིས་	PART
མ་	མ་	PART
སྐྱེད་པ་	སྐྱེད་པ་	VERB
སྟེ་	སྟེ་	PART
།		PUNCT
དེ་ཡང་	དེ་ཡང་	ADV
གལ་ཏེ་	གལ་ཏེ་	NO_POS
རྒྱུ་	རྒྱུ་	NOUN
དང་	དང་	NO_POS
རྐྱེན་	རྐྱེན་	NOUN
ལ་	ལ་	ADP
ས་	གིས་	PART
སྐྱེ་བ་	སྐྱེ་བ་	VERB
ཞིག་	ཅིག་	PART
ཡིན་	ཡིན་	NO_POS
ན་	ལ་	PART
ནི་	ནི་	NO_POS
།		PUNCT
སྐྱེ་	སྐྱེ་	VERB
ཟིན་པ་	ཟིན་པ་	VERB
སྐྱེ་	སྐྱེ་	NOUN
འམ་	གམ་	PART
།		PUNCT
མ་	མ་	PART
སྐྱེས་པ་	སྐྱེས་པ་	VERB
སྐྱེ་	སྐྱེ་	NOUN
ཞེ་	ཅེས་	PART
བྱ་	བྱ་	VERB
།		PUNCT
གལ་ཏེ་	གལ་ཏེ་	NO_POS
སྐྱེ་	སྐྱེ་	VERB
ཟིན་པ་	ཟིན་པ་	VERB
སྐྱེ་	སྐྱེ་	NOUN
ན་	ལ་	PART
ནི་	ནི་	NO_POS
རྒྱུ་	རྒྱུ་	NOUN
དང་	དང་	NO_POS
རྐྱེན་	རྐྱེན་	NOUN
ཀྱང་	ཀྱང་	PART
མི་	མི་	PART
དགོས་པ་	དགོས་པ་	VERB
ར་	ལ་	PART
རིགས་	རིགས་	NOUN
སོ་	གོ་	PART
། །		PUNCT
གལ་ཏེ་	གལ་ཏེ་	NO_POS
མ་	མ་	PART
སྐྱེས་པ་	སྐྱེས་པ་	VERB
སྐྱེ་	སྐྱེ་	NOUN
ན་	ལ་	PART
ནི་	ནི་	NO_POS
སྐྱེ་བ་	སྐྱེ་བ་	VERB
དམིགས་	དམིགས་	VERB
སུ་	ལ་	PART
མེད་པ་	མེད་པ་	VERB
ར་	ལ་	PART
འགྱུར་	འགྱུར་	VERB
རོ་	རོ་	NOUN
།		PUNCT
དེ་	སྟེ་	PART
ཅིའི་ཕྱིར་	ཅིའི་ཕྱིར་	NO_POS
ཞེ་ན་	ཅེ་ན་	PART
།		PUNCT
གང་	གང་	NO_POS
མ་	མ་	PART
སྐྱེས་པ་	སྐྱེས་པ་	VERB
འི་	གི་	PART
ཆོ་	ཆོ་	NOUN
རྣམས་	རྣམས་	DET
ནི་	ནི་	NO_POS
ཡོད་པ་	ཡོད་པ་	VERB
མ་ཡིན་པ་	མ་ཡིན་པ་	OTHER
ས་	གིས་	PART
།		PUNCT
མིང་མེད་པ་	མིང་མེད་པ་	NO_POS
།		PUNCT
མཚན་མ་	མཚན་མ་	NOUN
མེད་པ་	མེད་པ་	VERB
།		PUNCT
གཞལ་བ་	གཞལ་བ་	VERB
དང་	དང་	NO_POS
།		PUNCT
དམིགས་པ་	དམིགས་པ་	VERB
མེད་པ་	མེད་པ་	VERB
དང་	དང་	NO_POS
།		PUNCT
དཔེ་	དཔེ་	NOUN
ར་	ལ་	PART
བྱ་བ་	བྱ་བ་	VERB
ས་	གིས་	PART
བརྗོད་	བརྗོད་	VERB
དུ་	ལ་	PART
མེད་པ་	མེད་པ་	VERB
སྟེ་	སྟེ་	PART
རྒྱུ་	རྒྱུ་	NOUN
དང་	དང་	NO_POS
རྐྱེན་	རྐྱེན་	NOUN
གྱིས་	གིས་	PART
བསྐྱེད་པ་	བསྐྱེད་པ་	VERB
ར་	ལ་	PART
བྱ་བ་	བྱ་བ་	VERB
མ་	མ་	PART
ཡིན་	ཡིན་	NO_POS
ནོ་	གོ་	PART
། །		PUNCT
ཞེ་	ཅེས་	PART
སོ་	གོ་	PART
།		PUNCT
མ་	མ་	PART
འགགས་པ་	འགགས་པ་	VERB
དུས་གསུམ་	དུས་གསུམ་	OTHER
དུ་མ་	དུ་མ་	ADJ
གྲུབ་	གྲུབ་	VERB
ཅིང་	ཅིང་	PART
མི་	མི་	PART
སྐྱེ་བ་	སྐྱེ་བ་	VERB
དེ་	དེ་	DET
འི་	གི་	PART
ཕྱི་	ཕྱི་	OTHER
མ་	མ་	PART
འགག་པ་	འགག་པ་	VERB
ས་	གིས་	PART
སྟོང་པ་	སྟོང་པ་	VERB
སྟེ་	སྟེ་	PART
།		PUNCT
གསེར་འོད་	གསེར་འོད་	PROPN
ཀྱི་	གི་	PART
འཕྲོ་	འཕྲོ་	NOUN
ས་	གིས་	PART
སུ་	ལ་	PART
།		PUNCT
རིགས་	རིགས་	NOUN
ཀྱི་	གི་	PART
ལྷ་མོ་	ལྷ་མོ་	NOUN
།		PUNCT
དཔེར་ན་	དཔེར་ན་	NO_POS
རྔ་	རྔ་	NOUN
འི་	གི་	PART
སྒྲ་	སྒྲ་	NOUN
ནི་	ནི་	NO_POS
ཤིང་	ཅིང་	PART
དང་	དང་	NO_POS
ཀོ་བ་	ཀོ་བ་	NOUN
དང་	དང་	NO_POS
ལག་པ་	ལག་པ་	NOUN
ལ་	ལ་	PART
བརྟེན་	བརྟེན་	VERB
ཏེ་	སྟེ་	PART
སྒྲ་	སྒྲ་	NOUN
འབྱུང་	འབྱུང་	VERB
མོད་	མོད་	VERB
ཀྱི་	གི་	PART
།		PUNCT
རྔ་	རྔ་	NOUN
འི་	གི་	PART
སྒྲ་	སྒྲ་	NOUN
དེ་	སྟེ་	PART
ནི་	ནི་	NO_POS
འདས་པ་	འདས་པ་	VERB
ཡང་	ཀྱང་	PART
སྟོང་	སྟོང་	NUM
།		PUNCT
མ་འོངས་པ་	མ་འོངས་པ་	OTHER
ཡང་	ཀྱང་	PART
སྟོང་	སྟོང་	NUM
།		PUNCT
ད་ལྟ་		
གནས་པ་	གནས་པ་	VERB
ཡང་	ཀྱང་	PART
སྟོང་	སྟོང་	NUM
སྟེ་	སྟེ་	PART
།		PUNCT
རྔ་སྒྲ་	རྔ་སྒྲ་	OTHER
དེ་	སྟེ་	PART
ནི་	ནི་	NO_POS
ཤིང་	ཅིང་	PART
ལས་མ་	ལས་མ་	NO_POS
བྱུང་	བྱུང་	VERB
།		PUNCT
ཀོ་བ་	ཀོ་བ་	NOUN
དང་	དང་	NO_POS
ལག་པ་	ལག་པ་	NOUN
ལ་	ལ་	ADP
ས་	གིས་	PART
ཀྱང་	ཀྱང་	PART
མ་	མ་	PART
བྱུང་	བྱུང་	VERB
།		PUNCT
དུས་གསུམ་	དུས་གསུམ་	OTHER
གྱི་	གི་	PART
མ་	མ་	PART
སྐྱེད་པ་	སྐྱེད་པ་	VERB
ས་	གིས་	PART
མི་	མི་	PART
སྐྱེ་བ་	སྐྱེ་བ་	VERB
སྟེ་	སྟེ་	PART
།		PUNCT
གང་	གང་	NO_POS
མི་	མི་	PART
སྐྱེ་བ་	སྐྱེ་བ་	VERB
དེ་	སྟེ་	PART
ནི་	ནི་	NO_POS
མི་	མི་	PART
འགོག་པ་	འགོག་པ་	VERB
འོ་	གོ་	PART
། །		PUNCT
གང་	གང་	NO_POS
མི་	མི་	PART
འགོག་པ་	འགོག་པ་	VERB
དེ་	སྟེ་	PART
ནི་	ནི་	NO_POS
གང་	གང་	NO_POS
ན་	ནས་	PART
ཀྱང་	ཀྱང་	PART
མ་འོངས་པ་	མ་འོངས་པ་	OTHER
འོ་	གོ་	PART
། །		PUNCT
གང་	གང་	NO_POS
ན་	ནས་	PART
ཀྱང་	ཀྱང་	PART
མ་འོངས་པ་	མ་འོངས་པ་	OTHER
དེ་	སྟེ་	PART
ནི་	ནི་	NO_POS
གང་	གང་	NO_POS
དུ་	ལ་	PART
ཡང་	ཀྱང་	PART
མི་	མི་	PART
འགྲོ་བ་	འགྲོ་བ་	VERB
འོ་	གོ་	PART
། །		PUNCT
ཞེ་	ཅེས་	PART
སོ་	གོ་	PART
། །		PUNCT
དྲི་མ་	དྲི་མ་	NOUN
མེད་པ་	མེད་པ་	VERB
།		PUNCT
ཕུང་པོ་	ཕུང་པོ་	NOUN
ལྔ་	ལྔ་	NUM
དང་	དང་	NO_POS
སྟོང་པ་ཉིད་	སྟོང་པ་ཉིད་	NOUN
ཐ་	ཐ་	NOUN
མི་	མི་	PART
དད་པ་	དད་པ་	VERB
ས་	གིས་	PART
སྟོང་	སྟོང་	NUM
ངོ་	གོ་	PART
། །		PUNCT
དྲི་མ་	དྲི་མ་	NOUN
དང་	དང་	NO_POS
བྲལ་བ་	བྲལ་བ་	VERB
མེད་པ་	མེད་པ་	VERB
།		PUNCT
དེ་	སྟེ་	PART
གཉིས་	གཉིས་	NUM
དོན་	དོན་	NOUN
གཅིག་	གཅིག་	NUM
ཡིན་པ་	ཡིན་པ་	AUX
ས་	གིས་	PART
སྟོང་	སྟོང་	NUM
ངོ་	གོ་	PART
། །		PUNCT
དེ་	སྟེ་	PART
གསེར་འོད་	གསེར་འོད་	PROPN
ཀྱི་	གི་	PART
འཕྲོ་	འཕྲོ་	NOUN
ས་	གིས་	PART
སུ་	ལ་	PART
།		PUNCT
གང་	གང་	NO_POS
དུ་	ལ་	PART
ཡང་	ཀྱང་	PART
མི་	མི་	PART
འགྲོ་བ་	འགྲོ་བ་	VERB
དེ་	སྟེ་	PART
ནི་	ནི་	NO_POS
རྟག་པ་	རྟག་པ་	VERB
དང་	དང་	NO_POS
ཆད་པ་	ཆད་པ་	VERB
མ་ཡིན་པ་	མ་ཡིན་པ་	OTHER
ས་	གིས་	PART
གཅིག་པ་	གཅིག་པ་	ADJ
ཡང་	ཀྱང་	PART
མ་	མ་	PART
ཡིན་	ཡིན་	NO_POS
།		PUNCT
ཐ་དད་པ་	ཐ་དད་པ་	ADJ
ཡང་	ཀྱང་	PART
མ་	མ་	PART
ཡིན་	ཡིན་	NO_POS
ནོ་	གོ་	PART
། །		PUNCT
དེ་	སྟེ་	PART
ཅིའི་ཕྱིར་	ཅིའི་ཕྱིར་	NO_POS
ཞེ་ན་	ཅེ་ན་	PART
།		PUNCT
གལ་ཏེ་	གལ་ཏེ་	NO_POS
གཅིག་པ་	གཅིག་པ་	ADJ
ཡིན་	ཡིན་	NO_POS
ན་	ལ་	PART
ཆོ་	ཆོ་	NOUN
ཀྱི་	གི་	PART
དབྱིངས་	དབྱིངས་	NOUN
དང་	དང་	NO_POS
ཐ་	ཐ་	NOUN
མི་	མི་	PART
དད་པ་	དད་པ་	VERB
ས་	གིས་	PART
།		PUNCT
འོ་ན་	འོ་ན་	NO_POS
ནི་	ནི་	NO_POS
བྱིས་པ་	བྱིས་པ་	NOUN
སོ་སོ་	སོ་སོ་	PRON
སྐྱེ་བོ་	སྐྱེ་བོ་	NOUN
རྣམས་	རྣམས་	DET
ཀྱིས་	གིས་	PART
ཀྱང་	ཀྱང་	PART
དོན་དམ་པ་	དོན་དམ་པ་	NOUN
འི་	གི་	PART
བདེན་པ་	བདེན་པ་	VERB
མངོན་དུ་	མངོན་དུ་	NO_POS
གྱུར་	གྱུར་	VERB
ན་	ནས་	PART
མྱ་ངན་	མྱ་ངན་	NOUN
ལ་	ལ་	ADP
ས་	གིས་	PART
འདས་པ་	འདས་པ་	VERB
འི་	གི་	PART
བདེན་པ་	བདེན་པ་	VERB
དམ་པ་	དམ་པ་	VERB
ཐོབ་པ་	ཐོབ་པ་	VERB
ར་	ལ་	PART
འགྱུར་བ་	འགྱུར་བ་	VERB
ཞིག་	ཅིག་	PART
ན་	ལ་	PART
།		PUNCT
དེ་ལྟ་	དེ་ལྟ་	NO_POS
མ་ཡིན་པ་	མ་ཡིན་པ་	OTHER
ས་	གིས་	PART
དེ་	སྟེ་	PART
གཅིག་པ་	གཅིག་པ་	ADJ
མ་	མ་	PART
ཡིན་	ཡིན་	NO_POS
ནོ་	གོ་	PART
། །		PUNCT
གལ་ཏེ་	གལ་ཏེ་	NO_POS
ཐ་དད་པ་	ཐ་དད་པ་	ADJ
ཡིན་	ཡིན་	NO_POS
ན་	ལ་	PART
ནི་	ནི་	NO_POS
།		PUNCT
སངས་རྒྱས་	སངས་རྒྱས་	NOUN
དང་	དང་	NO_POS
བྱང་ཆུབ་	བྱང་ཆུབ་	NOUN
སེམས་དཔའ་	སེམས་དཔའ་	NOUN
རྣམས་	རྣམས་	DET
ཀྱི་	གི་	PART
སྤྱོད་པ་	སྤྱོད་པ་	VERB
དང་	དང་	NO_POS
མཚན་མ་	མཚན་མ་	NOUN
དེ་ཉིད་	དེ་ཉིད་	NOUN
འཛིན་པ་	འཛིན་པ་	VERB
ཡིན་པ་	ཡིན་པ་	AUX
ས་	གིས་	PART
རྣམ་པ་	རྣམ་པ་	NOUN
ར་	ལ་	PART
གྲོལ་བ་	གྲོལ་བ་	VERB
ར་	ལ་	PART
མི་	མི་	PART
འགྱུར་	འགྱུར་	VERB
ཞིང་	ཅིང་	PART
།		PUNCT
ཉོན་མོངས་པ་	ཉོན་མོངས་པ་	NOUN
འི་	གི་	PART
འཆིང་བ་	འཆིང་བ་	VERB
དང་	དང་	NO_POS
མ་	མ་	PART
བྲལ་བ་	བྲལ་བ་	VERB
ས་	གིས་	PART
དེ་	སྟེ་	PART
བླ་	བླ་	NOUN
ན་	ལ་	PART
མེད་པ་	མེད་པ་	VERB
འི་	གི་	PART
བྱང་ཆུབ་	བྱང་ཆུབ་	NOUN
ཏུ་	ལ་	PART
འཚང་	འཚང་	VERB
མི་	མི་	PART
རྒྱ་	རྒྱ་	NOUN
འོ་	གོ་	PART
། །		PUNCT
དེ་	སྟེ་	PART
ཅིའི་ཕྱིར་	ཅིའི་ཕྱིར་	NO_POS
ཞེ་ན་	ཅེ་ན་	PART
།		PUNCT
འཕགས་པ་	འཕགས་པ་	VERB
རྣམས་	རྣམས་	DET
ནི་	ནི་	NO_POS
འདུ་བྱེད་པ་	འདུ་བྱེད་པ་	NOUN
དང་	དང་	NO_POS
།		PUNCT
འདུ་བྱེད་	འདུ་བྱེད་	NOUN
མ་ཡིན་པ་	མ་ཡིན་པ་	OTHER
ཡང་དག་པ་	ཡང་དག་པ་	ADJ
འི་	གི་	PART
ངོ་བོ་	ངོ་བོ་	NOUN
ར་	ལ་	PART
གཅིག་པ་	གཅིག་པ་	ADJ
འི་	གི་	PART
ཕྱི་	ཕྱི་	OTHER
ཐ་དད་པ་	ཐ་དད་པ་	ADJ
མ་	མ་	PART
ཡིན་	ཡིན་	NO_POS
ནོ་	གོ་	PART
། །		PUNCT
ཞེ་	ཅེས་	PART
གསུངས་པ་	གསུངས་པ་	VERB
ས་	གིས་	PART
།		PUNCT
འདི་	འདི་	DET
ས་	གིས་	PART
མ་	མ་	PART
རྟོགས་པ་	རྟོགས་པ་	VERB
ལ་	ལ་	PART
དེ་	སྟེ་	PART
ཁ་	ཁ་	PRON
འཁྲུལ་པ་	འཁྲུལ་པ་	NO_POS
དང་	དང་	NO_POS
།		PUNCT
རྟོགས་	རྟོགས་	VERB
ན་	ལ་	PART
དེ་	སྟེ་	PART
ཁ་སྟོང་པ་	ཁ་སྟོང་པ་	NO_POS
ཉིད་	ཉིད་	DET
དུ་	ལ་	PART
བཤད་པ་	བཤད་པ་	VERB
སྟེ་	སྟེ་	PART
།		PUNCT
དམིགས་པ་	དམིགས་པ་	VERB
ལ་	ལ་	PART
བརྟེན་	བརྟེན་	VERB
ན་	ནས་	PART
རབ་ཏུ་	རབ་ཏུ་	NO_POS
མི་	མི་	PART
གནས་པ་	གནས་པ་	VERB
ལ་	ལ་	PART
རྩལ་	རྩལ་	NOUN
སྦྱོང་	སྦྱོང་	VERB
དགོས་པ་	དགོས་པ་	VERB
འོ་	གོ་	PART
། །		PUNCT
དེ་	དེ་	DET
འི་	གི་	PART
ཕྱི་	ཕྱི་	OTHER
རྣམ་རྟོག་	རྣམ་རྟོག་	NOUN
ཆོས་སྐུ་	ཆོས་སྐུ་	NOUN
ཞེས་་	ཞེས་པ་	PART
འི་	གི་	PART
ཆོས་སྐད་	ཆོས་སྐད་	NOUN
ཀྱི་	གི་	PART
དོན་	དོན་	NOUN
ས་	ས་	ADP
དེ་	སྟེ་	PART
ན་	ན་	ADP
འོ་	གོ་	PART
། །		PUNCT
བྲི་བ་	བྲི་བ་	VERB
མེད་པ་	མེད་པ་	VERB
།		PUNCT
ཕུང་པོ་	ཕུང་པོ་	NOUN
ལྔ་	ལྔ་	NUM
འབྲི་བ་	འབྲི་བ་	VERB
ནི་	ནི་	NO_POS
འཛད་པ་	འཛད་པ་	VERB
སྟེ་	སྟེ་	PART
མེད་པ་	མེད་པ་	VERB
འི་	གི་	PART
མཐ་	མཐའ་	NOUN
འོ་	གོ་	PART
། །		PUNCT
མེད་པ་	མེད་པ་	VERB
ས་	གིས་	PART
སྟོང་པ་	སྟོང་པ་	VERB
འི་	གི་	PART
ཕྱི་	ཕྱི་	OTHER
མཐའ་	མཐའ་	NOUN
དེ་	སྟེ་	PART
དང་	དང་	NO_POS
བྲལ་	བྲལ་	VERB
ལོ་	གོ་	PART
། །		PUNCT
གང་བ་	གང་བ་	VERB
མེད་པ་	མེད་པ་	VERB
འོ་	གོ་	PART
། །		PUNCT
གང་བ་	གང་བ་	VERB
ནི་	ནི་	NO_POS
འཕེལ་བ་	འཕེལ་བ་	VERB
འམ་	གམ་	PART
རྫོགས་པ་	རྫོགས་པ་	VERB
སྟེ་	སྟེ་	PART
ཡོད་པ་	ཡོད་པ་	VERB
འི་	གི་	PART
མཐ་	མཐའ་	NOUN
འོ་	གོ་	PART
། །		PUNCT
དེ་	དེ་	DET
ས་	གིས་	PART
སྟོང་པ་	སྟོང་པ་	VERB
སྟེ་	སྟེ་	PART
ཡོད་པ་	ཡོད་པ་	VERB
མ་ཡིན་པ་	མ་ཡིན་པ་	OTHER
ས་	གིས་	PART
སོ་	གོ་	PART
། །		PUNCT
དེ་ལྟ་	དེ་ལྟ་	NO_POS
ཡང་	ཀྱང་	PART
གསེར་འོད་	གསེར་འོད་	PROPN
ཀྱི་	གི་	PART
འཕྲོ་	འཕྲོ་	NOUN
ས་	གིས་	PART
སུ་	ལ་	PART
།		PUNCT
དེ་བས་ན་	དེ་བས་ན་	NO_POS
ཕུང་པོ་	ཕུང་པོ་	NOUN
ལྔ་པོ་	ལྔ་པོ་	NUM
དེ་	སྟེ་	PART
ནི་	ནི་	NO_POS
ཡོད་པ་	ཡོད་པ་	VERB
ཡང་	ཀྱང་	PART
མ་	མ་	PART
ཡིན་	ཡིན་	NO_POS
།		PUNCT
མེད་པ་	མེད་པ་	VERB
ཡང་	ཀྱང་	PART
མ་	མ་	PART
ཡིན་	ཡིན་	NO_POS
།		PUNCT
རྒྱུ་	རྒྱུ་	NOUN
དང་	དང་	NO_POS
རྐྱེན་	རྐྱེན་	NOUN
གྱིས་	གིས་	PART
བསྐྱེད་པ་	བསྐྱེད་པ་	VERB
འང་	ཀྱང་	PART
མ་	མ་	PART
ཡིན་	ཡིན་	NO_POS
།		PUNCT
རྒྱུ་	རྒྱུ་	NOUN
དང་	དང་	NO_POS
རྐྱེན་	རྐྱེན་	NOUN
མེད་པ་	མེད་པ་	VERB
ལ་	ལ་	ADP
ས་	གིས་	PART
སྐྱེས་པ་	སྐྱེས་པ་	VERB
ཡང་	ཀྱང་	PART
མ་	མ་	PART
ཡིན་	ཡིན་	NO_POS
།		PUNCT
ཚིག་	ཚིག་	NOUN
གིས་	གིས་	PART
ཐོག་	ཐོག་	NOUN
ཏུ་	ལ་	PART
མི་	མི་	PART
ཕེབས་པ་	ཕེབས་པ་	VERB
།		PUNCT
མིང་	མིང་	NOUN
དང་	དང་	NO_POS
མཚན་མ་	མཚན་མ་	NOUN
མེད་པ་	མེད་པ་	VERB
།		PUNCT
རྒྱུ་	རྒྱུ་	NOUN
དང་	དང་	NO_POS
རྐྱེན་	རྐྱེན་	NOUN
མེད་པ་	མེད་པ་	VERB
།		PUNCT
དཔེ་	དཔེ་	NOUN
ས་	གིས་	PART
བསྟན་	བསྟན་	VERB
དུ་	ལ་	PART
མེད་པ་	མེད་པ་	VERB
།		PUNCT
ཐོག་མ་	ཐོག་མ་	NOUN
དང་	དང་	NO_POS
མཐའ་མ་	མཐའ་མ་	NOUN
ར་	ལ་	PART
དབེན་པ་	དབེན་པ་	VERB
།		PUNCT
རང་	རང་	PRON
གི་	གི་	PART
རང་བཞིན་	རང་བཞིན་	NOUN
གྱིས་	གིས་	PART
སྟོང་པ་	སྟོང་པ་	VERB
སྟེ་	སྟེ་	PART
།		PUNCT
དེ་	སྟེ་	PART
ནི་	ནི་	NO_POS
འཕགས་པ་	འཕགས་པ་	VERB
རྣམས་	རྣམས་	DET
ཀྱིས་	གིས་	PART
མཁྱེན་པ་	མཁྱེན་པ་	VERB
ར་	ལ་	PART
བྱ་བ་	བྱ་བ་	VERB
ཡིན་	ཡིན་	NO_POS
གྱི་	གི་	PART
།		PUNCT
གཞན་	གཞན་	DET
གྱི་	གི་	PART
སྤྱོད་ཡུལ་	སྤྱོད་ཡུལ་	NOUN
དུ་མ་	དུ་མ་	ADJ
གྱུར་པ་	གྱུར་པ་	VERB
འོ་	གོ་	PART
། །		PUNCT
དེ་བས་ན་	དེ་བས་ན་	NO_POS
ཕུང་པོ་	ཕུང་པོ་	NOUN
ལྔ་	ལྔ་	NUM
ལ་	ལ་	PART
ཆོ་	ཆོ་	NOUN
ཀྱི་	གི་	PART
དབྱིངས་	དབྱིངས་	NOUN
སུ་	ལ་	PART
འདོགས་	འདོགས་	VERB
སོ་	གོ་	PART
ཞེ་	ཅེས་	PART
གསུངས་	གསུངས་	VERB
སོ་	གོ་	PART
། །		PUNCT
ཤཱ་རི་	ཤཱ་རི་	PROPN
འི་	གི་	PART
བུ་	བུ་	NOUN
དེ་ལྟ་བས་ན་	དེ་ལྟ་བས་ན་	NO_POS
།		PUNCT
སྟོང་པ་ཉིད་	སྟོང་པ་ཉིད་	NOUN
ལ་	ལ་	PART
གཟུགས་	གཟུགས་	NOUN
མེད་	མེད་	VERB
།		PUNCT
ཚོར་བ་	ཚོར་བ་	VERB
མེད་	མེད་	VERB
།		PUNCT
འདུ་ཤེས་	འདུ་ཤེས་	NOUN
མེད་	མེད་	VERB
།		PUNCT
འདུ་བྱེད་	འདུ་བྱེད་	NOUN
མེད་	མེད་	VERB
།		PUNCT
རྣམ་པ་	རྣམ་པ་	NOUN
ར་	ལ་	PART
ཤེས་པ་	ཤེས་པ་	VERB
མེད་	མེད་	VERB
དོ་	གོ་	PART
། །		PUNCT
མཚན་མ་	མཚན་མ་	NOUN
དེ་དག་	དེ་དག་	OTHER
མེད་པ་	མེད་པ་	VERB
འི་	གི་	PART
རྒྱུ་མཚན་	རྒྱུ་མཚན་	NOUN
ཡང་	ཀྱང་	PART
གཉིས་	གཉིས་	NUM
ཏེ་	སྟེ་	PART
།		PUNCT
མིག་	མིག་	NOUN
མེད་	མེད་	VERB
།		PUNCT
རྣ་བ་	རྣ་བ་	NOUN
མེད་	མེད་	VERB
།		PUNCT
སྣ་མེད་	སྣ་མེད་	NO_POS
།		PUNCT
ལྕེ་མེད་	ལྕེ་མེད་	NO_POS
།		PUNCT
ལུས་མེད་	ལུས་མེད་	NOUN
།		PUNCT
ཡིད་	ཡིད་	NOUN
མེད་	མེད་	VERB
།		PUNCT
ནང་	ནང་	NOUN
གི་	གི་	PART
སྐྱེ་མཆེད་	སྐྱེ་མཆེད་	NOUN
དྲུག་	དྲུག་	NUM
མེད་པ་	མེད་པ་	VERB
ས་	གིས་	PART
དང་	དང་	NO_POS
།		PUNCT
གཟུགས་	གཟུགས་	NOUN
མེད་	མེད་	VERB
།		PUNCT
སྒྲ་མེད་	སྒྲ་མེད་	NO_POS
།		PUNCT
དྲི་མེད་	དྲི་མེད་	ADJ
།		PUNCT
རོ་	རོ་	NOUN
མེད་	མེད་	VERB
།		PUNCT
རེག་བྱ་	རེག་བྱ་	NOUN
མེད་	མེད་	VERB
།		PUNCT
ཆོ་	ཆོ་	NOUN
མེད་	མེད་	VERB
དོ་	གོ་	PART
། །		PUNCT
ཕྱི་	ཕྱི་	NOUN
འི་	གི་	PART
སྐྱེ་མཆེད་	སྐྱེ་མཆེད་	NOUN
དྲུག་	དྲུག་	NUM
མེད་པ་	མེད་པ་	VERB
འོ་	གོ་	PART
། །		PUNCT
དེ་ལྟ་	དེ་ལྟ་	NO_POS
སྐྱེ་མཆེད་	སྐྱེ་མཆེད་	NOUN
བཅུ་གཉིས་པོ་	བཅུ་གཉིས་པོ་	NO_POS
དེ་	སྟེ་	PART
ནི་	ནི་	NO_POS
མཚན་མ་	མཚན་མ་	NOUN
རྣམས་	རྣམས་	DET
སྐྱེ་བ་	སྐྱེ་བ་	VERB
འི་	གི་	PART
གོ་	གོ་	PART
འབྱེད་	འབྱེད་	VERB
མཁན་	མཁན་	PROPN
ཡིན་པ་	ཡིན་པ་	AUX
ས་	གིས་	PART
།		PUNCT
དེ་དག་	དེ་དག་	OTHER
མི་	མི་	PART
དམིགས་པ་	དམིགས་པ་	VERB
ས་	གིས་	PART
མཚན་མ་	མཚན་མ་	NOUN
ཡོད་པ་	ཡོད་པ་	VERB
འི་	གི་	PART
སྐབས་མེད་པ་	སྐབས་མེད་པ་	NO_POS
ས་	གིས་	PART
སོ་	གོ་	PART
། །		PUNCT
དེ་	སྟེ་	PART
སྐྱེ་སྒོ་	སྐྱེ་སྒོ་	OTHER
ཡིན་པ་	ཡིན་པ་	AUX
ས་	གིས་	PART
མིག་	མིག་	NOUN
དང་	དང་	NO_POS
གཟུགས་	གཟུགས་	NOUN
ལ་	ལ་	PART
བརྟེན་	བརྟེན་	VERB
ན་	ནས་	PART
མིག་	མིག་	NOUN
གི་	གི་	PART
རྣམ་པ་	རྣམ་པ་	NOUN
ར་	ལ་	PART
ཤེས་པ་	ཤེས་པ་	VERB
འབྱུང་བ་	འབྱུང་བ་	VERB
སོགས་	སོགས་	DET
ཀྱིས་	གིས་	PART
གཏན་	གཏན་	NOUN
ལ་	ལ་	PART
ཕབ་བོ་	ཕབ་བོ་	VERB
། །		PUNCT
རྒྱུ་མཚན་	རྒྱུ་མཚན་	NOUN
གཉིས་པ་	གཉིས་པ་	NUM
།		PUNCT
མིག་	མིག་	NOUN
གི་	གི་	PART
ཁམས་	ཁམས་	NOUN
མེད་པ་	མེད་པ་	VERB
ན་	ནས་	PART
།		PUNCT
ན་	ནས་	PART
ཞེས་་	ཞེས་པ་	PART
ས་	གིས་	PART
།		PUNCT
ལྷག་མ་	ལྷག་མ་	NOUN
དག་	དག་	DET
འདྲེན་པ་	འདྲེན་པ་	VERB
།		PUNCT
ཡིད་	ཡིད་	NOUN
ཀྱི་	གི་	PART
ཁམས་	ཁམས་	NOUN
མེད་	མེད་	VERB
།		PUNCT
ཡིད་	ཡིད་	NOUN
ཀྱི་	གི་	PART
རྣམ་པ་	རྣམ་པ་	NOUN
ར་	ལ་	PART
ཤེས་པ་	ཤེས་པ་	VERB
འི་	གི་	PART
ཁམས་	ཁམས་	NOUN
ཀྱི་	གི་	PART
བ་	བ་	NOUN
དུ་	ལ་	PART
ཡང་	ཀྱང་	PART
མེད་	མེད་	VERB
དོ་	གོ་	PART
། །		PUNCT
བ་	བ་	NOUN
ཞེས་་	ཞེས་པ་	PART
ས་	གིས་	PART
བཅོ་བརྒྱད་	བཅོ་བརྒྱད་	NO_POS
།		PUNCT
དེ་ལྟ་	དེ་ལྟ་	NO_POS
ཁམས་	ཁམས་	NOUN
བཅོ་བརྒྱད་	བཅོ་བརྒྱད་	NO_POS
དེ་	སྟེ་	PART
ནང་	ནང་	NOUN
གི་	གི་	PART
དྲུག་	དྲུག་	NUM
།		PUNCT
ཕྱི་	ཕྱི་	NOUN
འི་	གི་	PART
དྲུག་	དྲུག་	NUM
།		PUNCT
རྣམ་པ་	རྣམ་པ་	NOUN
ར་	ལ་	PART
ཤེས་པ་	ཤེས་པ་	VERB
འི་	གི་	PART
དྲུག་	དྲུག་	NUM
གོ་	གོ་	PART
། །		PUNCT
དེ་དག་	དེ་དག་	OTHER
མཚན་མ་	མཚན་མ་	NOUN
རྣམས་	རྣམས་	DET
ཀྱི་	གི་	PART
ས་བོན་	ས་བོན་	NOUN
ནམ་	གམ་	PART
།		PUNCT
རིགས་	རིགས་	NOUN
སམ་	གམ་	PART
རྒྱུ་	རྒྱུ་	NOUN
གྲུང་པོ་	གྲུང་པོ་	NO_POS
ཡིན་	ཡིན་	NO_POS
ལ་	ལ་	PART
༑		PUNCT
དེ་དག་	དེ་དག་	OTHER
མེད་པ་	མེད་པ་	VERB
ས་	གིས་	PART
རྒྱུ་	རྒྱུ་	NOUN
མེད་པ་	མེད་པ་	VERB
ས་	གིས་	PART
འབྲས་བུ་	འབྲས་བུ་	NOUN
མི་	མི་	PART
སྲིད་པ་	སྲིད་པ་	VERB
འི་	གི་	PART
དོན་	དོན་	NOUN
གྱིས་	གིས་	PART
སོ་	གོ་	PART
། །		PUNCT
དེས་ན་	དེས་ན་	NO_POS
སྐྱེ་མཆེད་	སྐྱེ་མཆེད་	NOUN
ཞིང་ས་	ཞིང་ས་	NOUN
ལྟ་བུ་	ལྟ་བུ་	NOUN
།		PUNCT
ཁམས་	ཁམས་	NOUN
ས་བོན་	ས་བོན་	NOUN
ལྟ་བུ་	ལྟ་བུ་	NOUN
མེད་པ་	མེད་པ་	VERB
ས་	གིས་	PART
མཚན་མ་	མཚན་མ་	NOUN
མྱུ་གུ་	མྱུ་གུ་	NOUN
ལྟ་བུ་	ལྟ་བུ་	NOUN
ར་	ལ་	PART
མི་	མི་	PART
དམིགས་པ་	དམིགས་པ་	VERB
འདི་	འདི་	DET
ནི་	ནི་	NO_POS
རྣམ་པ་	རྣམ་པ་	NOUN
ར་	ལ་	PART
ཐར་པ་	ཐར་པ་	VERB
འི་	གི་	PART
སྒོ་	སྒོ་	NOUN
མཚན་མ་	མཚན་མ་	NOUN
མེད་པ་	མེད་པ་	VERB
ཞེ་	ཅེས་	PART
བྱ་	བྱ་	VERB
འོ་	གོ་	PART
། །		PUNCT
མ་རིག་པ་	མ་རིག་པ་	NOUN
མེད་	མེད་	VERB
།		PUNCT
དེ་	སྟེ་	PART
ནི་	ནི་	NO_POS
རྟེན་འབྲེལ་	རྟེན་འབྲེལ་	NOUN
ཡན་ལག་	ཡན་ལག་	NOUN
བཅུ་གཉིས་	བཅུ་གཉིས་	NO_POS
ཀྱི་	གི་	PART
ཐོག་མ་	ཐོག་མ་	NOUN
སྟེ་	སྟེ་	PART
།		PUNCT
དེ་	སྟེ་	PART
རབ་ཏུ་	རབ་ཏུ་	NO_POS
མི་	མི་	PART
གནས་པ་	གནས་པ་	VERB
ས་	གིས་	PART
།		PUNCT
མ་རིག་པ་	མ་རིག་པ་	NOUN
ཟད་པ་	ཟད་པ་	VERB
མེད་པ་	མེད་པ་	VERB
ན་	ནས་	PART
།		PUNCT
དེ་	དེ་	DET
འི་	གི་	PART
ཟད་པ་	ཟད་པ་	VERB
དང་	དང་	NO_POS
མི་	མི་	PART
སྐྱེ་བ་	སྐྱེ་བ་	VERB
ཤེས་པ་	ཤེས་པ་	VERB
མེད་	མེད་	VERB
ལ་	ལ་	PART
ལྷག་མ་	ལྷག་མ་	NOUN
བཅུ་	བཅུ་	NUM
ཡང་	ཀྱང་	PART
དེ་བཞིན་	དེ་བཞིན་	OTHER
དུ་	ལ་	PART
སྦྱར་	སྦྱར་	VERB
ན་	ནས་	PART
།		PUNCT
རྒ་ཤི་	རྒ་ཤི་	NOUN
མེད་	མེད་	VERB
།		PUNCT
རྒ་ཤི་	རྒ་ཤི་	NOUN
ཟད་པ་	ཟད་པ་	VERB
འི་	གི་	PART
བ་	བ་	NOUN
དུ་	ལ་	PART
ཡང་	ཀྱང་	PART
མེད་	མེད་	VERB
དོ་	གོ་	PART
། །		PUNCT
འདི་	འདི་	DET
ནི་	ནི་	NO_POS
ལུགས་འབྱུང་	ལུགས་འབྱུང་	NO_POS
གི་	གི་	PART
རྟེན་འབྲེལ་	རྟེན་འབྲེལ་	NOUN
མེད་པ་	མེད་པ་	VERB
ས་	གིས་	PART
ལུགས་	ལུགས་	NOUN
ལ་	ལ་	ADP
ས་	གིས་	PART
ཟློག་པ་	ཟློག་པ་	VERB
དེ་	སྟེ་	PART
ལ་	ལ་	PART
བལྟོས་པ་	བལྟོས་པ་	VERB
ཡིན་པ་	ཡིན་པ་	AUX
འི་	གི་	PART
གནས་	གནས་	NOUN
ཀྱིས་	གིས་	PART
མེད་པ་	མེད་པ་	VERB
ར་	ལ་	PART
བསྟན་	བསྟན་	VERB
ནོ་	གོ་	PART
། །		PUNCT
སྡུག་བསྔལ་བ་	སྡུག་བསྔལ་བ་	NOUN
དང་	དང་	NO_POS
།		PUNCT
ཀུན་འབྱུང་བ་	ཀུན་འབྱུང་བ་	NOUN
དང་	དང་	NO_POS
།		PUNCT
འགོག་པ་	འགོག་པ་	VERB
དང་	དང་	NO_POS
།		PUNCT
ལམ་	གམ་	PART
མེད་	མེད་	VERB
།		PUNCT
འཕགས་པ་	འཕགས་པ་	VERB
འི་	གི་	PART
བདེན་པ་	བདེན་པ་	VERB
མི་	མི་	PART
དམིགས་པ་	དམིགས་པ་	VERB
དང་	དང་	NO_POS
།		PUNCT
ཡེ་ཤེས་	ཡེ་ཤེས་	NOUN
མེད་	མེད་	VERB
།		PUNCT
འབྲས་བུ་	འབྲས་བུ་	NOUN
གཉིས་	གཉིས་	NUM
སུ་	ལ་	PART
མེད་པ་	མེད་པ་	VERB
འི་	གི་	PART
ཡེ་ཤེས་	ཡེ་ཤེས་	NOUN
ཀྱང་	ཀྱང་	PART
མི་	མི་	PART
དམིགས་པ་	དམིགས་པ་	VERB
ར་	ལ་	PART
དང་	དང་	NO_POS
།		PUNCT
ཐོབ་པ་	ཐོབ་པ་	VERB
མེད་	མེད་	VERB
།		PUNCT
ཐོབ་	ཐོབ་	VERB
བྱ་	བྱ་	VERB
སངས་རྒྱས་	སངས་རྒྱས་	NOUN
མེད་	མེད་	VERB
ལ་	ལ་	PART
།		PUNCT
དེ་	དེ་	DET
ས་	གིས་	PART
མ་	མ་	PART
ཐོབ་པ་	ཐོབ་པ་	VERB
ཡང་	ཀྱང་	PART
མེད་	མེད་	VERB
དེ་	སྟེ་	PART
ཐོབ་པ་	ཐོབ་པ་	VERB
ར་	ལ་	PART
བྱ་བ་	བྱ་བ་	VERB
ལ་	ལ་	PART
སློབ་པ་	སློབ་པ་	VERB
འང་	ཀྱང་	PART
མེད་	མེད་	VERB
དོ་	གོ་	PART
། །		PUNCT
དེ་	དེ་	DET
འི་	གི་	PART
ཕྱི་	ཕྱི་	OTHER
འདི་	འདི་	DET
ས་	གིས་	PART
འབྲས་བུ་	འབྲས་བུ་	NOUN
མེད་པ་	མེད་པ་	VERB
ས་	གིས་	PART
།		PUNCT
དེ་	སྟེ་	PART
ཐོབ་པ་	ཐོབ་པ་	VERB
ར་	ལ་	PART
བྱ་	བྱ་	VERB
འོ་	གོ་	PART
སྙམ་པ་	སྙམ་པ་	VERB
འི་	གི་	PART
འདོད་པ་	འདོད་པ་	VERB
དང་	དང་	NO_POS
འདུན་པ་	འདུན་པ་	PROPN
མི་	མི་	PART
དམིགས་པ་	དམིགས་པ་	VERB
ས་	གིས་	PART
སྨོན་	སྨོན་	VERB
རྒྱུ་	རྒྱུ་	NOUN
མེད་	མེད་	VERB
།		PUNCT
དེ་	དེ་	DET
འི་	གི་	PART
ཕྱི་	ཕྱི་	OTHER
རྣམ་པ་	རྣམ་པ་	NOUN
ར་	ལ་	PART
ཐར་པ་	ཐར་པ་	VERB
འི་	གི་	PART
སྒོ་	སྒོ་	NOUN
འདི་	འདི་	DET
ལ་	ལ་	PART
སྨོན་པ་	སྨོན་པ་	VERB
མེད་པ་	མེད་པ་	VERB
ཞེ་	ཅེས་	PART
བྱ་	བྱ་	VERB
འོ་	གོ་	PART
། །		PUNCT
དེ་ཡང་	དེ་ཡང་	ADV
ཡོད་པ་	ཡོད་པ་	VERB
དང་	དང་	NO_POS
མེད་པ་	མེད་པ་	VERB
ནི་	ནི་	NO_POS
འགལ་བ་	འགལ་བ་	VERB
ས་	གིས་	PART
།		PUNCT
ཡོད་པ་	ཡོད་པ་	VERB
ས་	གིས་	PART
མེད་པ་	མེད་པ་	VERB
དང་	དང་	NO_POS
།		PUNCT
མེད་པ་	མེད་པ་	VERB
ས་	གིས་	PART
ཡོད་པ་	ཡོད་པ་	VERB
དགག་	དགག་	VERB
ནུས་པ་	ནུས་པ་	VERB
འི་	གི་	PART
ཕྱི་	ཕྱི་	OTHER
།		PUNCT
འདི་	འདི་	DET
ར་	ལ་	PART
མེད་	མེད་	VERB
ཅེས་	ཅེས་	PART
གང་	གང་	NO_POS
གསུངས་པ་	གསུངས་པ་	VERB
དེ་	སྟེ་	PART
ནི་	ནི་	NO_POS
ཡོད་པ་	ཡོད་པ་	VERB
དགག་པ་	དགག་པ་	VERB
འི་	གི་	PART
ཕྱི་	ཕྱི་	OTHER
བསྟན་	བསྟན་	VERB
ནོ་	གོ་	PART
། །		PUNCT
འོན་ཀྱང་	འོན་ཀྱང་	NO_POS
ཡོད་པ་	ཡོད་པ་	VERB
མིན་	མིན་	AUX
ན་	ལ་	PART
མེད་པ་	མེད་པ་	VERB
ཡིན་པ་	ཡིན་པ་	AUX
ར་	ལ་	PART
འགྲོ་བ་	འགྲོ་བ་	VERB
ལྟ་བུ་	ལྟ་བུ་	NOUN
ནི་	ནི་	NO_POS
མ་	མ་	PART
ཡིན་	ཡིན་	NO_POS
ཏེ་	སྟེ་	PART
།		PUNCT
དེ་ལྟ་ན་	དེ་ལྟ་ན་	NO_POS
།		PUNCT
ཡོད་	ཡོད་	VERB
མིན་	མིན་	AUX
མེད་	མེད་	VERB
མིན་	མིན་	AUX
ཡོད་མེད་	ཡོད་མེད་	ADJ
མིན་	མིན་	AUX
། །		PUNCT
གཉིས་ཀ་	གཉིས་ཀ་	OTHER
འི་	གི་	PART
བདག་ཉིད་	བདག་ཉིད་	NOUN
མིན་པ་	མིན་པ་	VERB
འང་	ཀྱང་	PART
མིན་	མིན་	AUX
། །		PUNCT
ཞེས་་	ཞེས་པ་	PART
དང་	དང་	NO_POS
འགལ་བ་	འགལ་བ་	VERB
ར་	ལ་	PART
འགྱུར་	འགྱུར་	VERB
རོ་	རོ་	NOUN
། །		PUNCT
སྟོང་ཉིད་	སྟོང་ཉིད་	NOUN
ཀྱང་	ཀྱང་	PART
ཡོད་པ་	ཡོད་པ་	VERB
བཀག་	བཀག་	VERB
ཙམ་	ཙམ་	DET
དེ་	སྟེ་	PART
ལ་	ལ་	PART
བྱ་	བྱ་	VERB
ན་	ལ་	PART
།		PUNCT
སྟོང་པ་ཉིད་	སྟོང་པ་ཉིད་	NOUN
མེད་དགག་	མེད་དགག་	NO_POS
ཏུ་	ལ་	PART
འགྱུར་	འགྱུར་	VERB
ལ་	ལ་	PART
།		PUNCT
དེ་	སྟེ་	PART
ཆད་	ཆད་	VERB
སྟོང་	སྟོང་	NUM
ཡིན་པ་	ཡིན་པ་	AUX
ས་	གིས་	PART
མི་	མི་	PART
རུང་	རུང་	SCONJ
ངོ་	གོ་	PART
། །		PUNCT
དེ་ཡང་	དེ་ཡང་	ADV
ཀླུ་སྒྲུབ་	ཀླུ་སྒྲུབ་	PROPN
ཀྱིས་	གིས་	PART
།		PUNCT
ཤིན་ཏུ་	ཤིན་ཏུ་	NO_POS
ཕྲ་བ་	ཕྲ་བ་	VERB
འི་	གི་	PART
དངོ་	དངོ་	NOUN
ལ་	ལ་	PART
ཡང་	ཀྱང་	PART
། །		PUNCT
གང་	གང་	NO_POS
གིས་	གིས་	PART
ཆད་པ་	ཆད་པ་	VERB
ར་	ལ་	PART
རྣམ་	རྣམ་	NOUN
བརྟགས་པ་	བརྟགས་པ་	VERB
། །		PUNCT
རྣམ་པ་	རྣམ་པ་	NOUN
ར་	ལ་	PART
མི་	མི་	PART
མཁའ་	མཁའ་	VERB
དེ་	སྟེ་	PART
ཡི་	གིས་	PART
ནི་	ནི་	NO_POS
། །		PUNCT
རྐྱེན་	རྐྱེན་	NOUN
ལ་	ལ་	ADP
ས་	གིས་	PART
བྱུང་བ་	བྱུང་བ་	VERB
འི་	གི་	PART
དོན་	དོན་	NOUN
མ་	མ་	PART
མཐོང་	མཐོང་	VERB
། །		PUNCT
ཞེ་	ཅེས་	PART
གསུངས་པ་	གསུངས་པ་	VERB
ས་	གིས་	PART
།		PUNCT
སྟོང་ཉིད་	སྟོང་ཉིད་	NOUN
དེ་	སྟེ་	PART
ནི་	ནི་	NO_POS
རྟེན་འབྱུང་	རྟེན་འབྱུང་	OTHER
ངོ་	གོ་	PART
། །		PUNCT
རྟེན་འབྱུང་	རྟེན་འབྱུང་	OTHER
གི་	གི་	PART
དོན་	དོན་	NOUN
ཡང་	ཀྱང་	PART
རྒྱུ་རྐྱེན་	རྒྱུ་རྐྱེན་	OTHER
ལ་	ལ་	ADP
ས་	གིས་	PART
སྐྱེ་བ་	སྐྱེ་བ་	VERB
ལ་	ལ་	PART
བྱེད་པ་	བྱེད་པ་	VERB
ནི་	ནི་	NO_POS
ནོར་བ་	ནོར་བ་	VERB
སྟེ་	སྟེ་	PART
།		PUNCT
འདི་	འདི་	DET
ར་	ལ་	PART
ནི་	ནི་	NO_POS
རྒྱུ་རྐྱེན་	རྒྱུ་རྐྱེན་	OTHER
ལ་	ལ་	ADP
ས་	གིས་	PART
སྐྱེ་བ་	སྐྱེ་བ་	VERB
།		PUNCT
དེ་	སྟེ་	PART
དགག་པ་	དགག་པ་	VERB
ལ་	ལ་	PART
གཙོ་བོ་	གཙོ་བོ་	ADJ
ར་	ལ་	PART
རྟེན་འབྲེལ་	རྟེན་འབྲེལ་	NOUN
གསུངས་པ་	གསུངས་པ་	VERB
ཡིན་པ་	ཡིན་པ་	AUX
ས་	གིས་	PART
ན་	ལ་	PART
༑		PUNCT
སྟོང་ཉིད་	སྟོང་ཉིད་	NOUN
།		PUNCT
རྟེན་འབྲེལ་	རྟེན་འབྲེལ་	NOUN
དང་	དང་	NO_POS
།		PUNCT
དབུ་མ་	དབུ་མ་	PROPN
འི་	གི་	PART
བཤུལ་	བཤུལ་	NOUN
ཞེ་	ཅེས་	PART
བྱ་བ་	བྱ་བ་	VERB
གཅིག་པ་	གཅིག་པ་	ADJ
ས་	གིས་	PART
།		PUNCT
དེ་ཕྱིར་	དེ་ཕྱིར་	NO_POS
སྟོང་	སྟོང་	NUM
དང་	དང་	NO_POS
རྟེན་འབྱུང་	རྟེན་འབྱུང་	OTHER
དག་	དག་	DET
།		PUNCT
དབུ་མ་	དབུ་མ་	PROPN
འི་	གི་	PART
ལམ་	གམ་	PART
དུ་	ལ་	PART
དོན་	དོན་	NOUN
གཅིག་པ་	གཅིག་པ་	ADJ
ར་	ལ་	PART
། །		PUNCT
གསུང་མཆོག་	གསུང་མཆོག་	NO_POS
མཚུངས་པ་	མཚུངས་པ་	VERB
མེད་པ་	མེད་པ་	VERB
ཡི་	གི་	PART
། །		PUNCT
ཐུབ་དབང་	ཐུབ་དབང་	NOUN
དེ་	སྟེ་	PART
ལ་	ལ་	PART
ཕྱག་	ཕྱག་	NOUN
འཚལ་	འཚལ་	VERB
ལོ་	གོ་	PART
། །		PUNCT
ཞེ་	ཅེས་	PART
འཕགས་པ་	འཕགས་པ་	VERB
ཀླུ་སྒྲུབ་	ཀླུ་སྒྲུབ་	PROPN
ཀྱིས་	གིས་	PART
སོ་	གོ་	PART
། །		PUNCT
དེ་དག་	དེ་དག་	OTHER
ཀྱང་	ཀྱང་	PART
འདི་	འདི་	DET
འི་	གི་	PART
སྒྲུབ་ཐབས་	སྒྲུབ་ཐབས་	NOUN
སློབ་དཔོན་	སློབ་དཔོན་	NOUN
དྷ་		NON_WORD
རི་	རི་	NOUN
ཀ་པ་	ཀ་པ་	OTHER
ས་	གིས་	PART
མཛད་པ་	མཛད་པ་	VERB
ར་	ལ་	PART
།		PUNCT
གཟོད་	གཟོད་	ADV
ན་	ནས་	PART
ཞི་བ་	ཞི་བ་	VERB
འི་	གི་	PART
ཆོ་	ཆོ་	NOUN
ཀུན་	ཀུན་	DET
ནི་	ནི་	NO_POS
། །		PUNCT
རྐྱེན་	རྐྱེན་	NOUN
དབང་	དབང་	NOUN
འཁྲུལ་པ་	འཁྲུལ་པ་	NO_POS
ར་	ལ་	PART
རབ་	རབ་	ADV
སྣང་བ་	སྣང་བ་	VERB
། །		PUNCT
དེ་ཉིད་	དེ་ཉིད་	NOUN
ཚེ་	ཚེ་	NOUN
ན་	ལ་	PART
ཞི་བ་	ཞི་བ་	VERB
ཉིད་	ཉིད་	DET
། །		PUNCT
ཅེས་	ཅེས་	PART
གསུངས་པ་	གསུངས་པ་	VERB
ས་	གིས་	PART
སོ་	གོ་	PART
། །		PUNCT
གཉིས་པ་	གཉིས་པ་	NUM
སྒོམ་པ་	སྒོམ་པ་	VERB
འི་	གི་	PART
གནད་	གནད་	NOUN
གོམ་པ་	གོམ་པ་	NOUN
དོར་བ་	དོར་བ་	VERB
ལྟ་བུ་	ལྟ་བུ་	NOUN
ནི་	ནི་	NO_POS
།		PUNCT
ཤཱ་རི་	ཤཱ་རི་	PROPN
འི་	གི་	PART
བུ་	བུ་	NOUN
།		PUNCT
དེ་ལྟ་བས་ན་	དེ་ལྟ་བས་ན་	NO_POS
བྱང་ཆུབ་	བྱང་ཆུབ་	NOUN
སེམས་དཔའ་	སེམས་དཔའ་	NOUN
རྣམས་	རྣམས་	DET
།		PUNCT
ཐོབ་པ་	ཐོབ་པ་	VERB
མེད་པ་	མེད་པ་	VERB
འི་	གི་	PART
ཕྱི་	ཕྱི་	OTHER
ཤེས་རབ་	ཤེས་རབ་	NOUN
ཀྱི་	གི་	PART
ཕ་རོལ་	ཕ་རོལ་	NOUN
ཏུ་	ལ་	PART
ཕྱིན་པ་	ཕྱིན་པ་	VERB
ལ་	ལ་	PART
བརྟེན་	བརྟེན་	VERB
ཅིང་	ཅིང་	PART
གནས་	གནས་	NOUN
ཏེ་	སྟེ་	PART
།		PUNCT
དེ་ཡང་	དེ་ཡང་	ADV
གསེར་འོད་	གསེར་འོད་	PROPN
ཀྱི་	གི་	PART
འཕྲོ་	འཕྲོ་	NOUN
ས་	གིས་	PART
སུ་	ལ་	PART
།		PUNCT
གཞན་	གཞན་	DET
ཡང་	ཀྱང་	PART
རིགས་	རིགས་	NOUN
ཀྱི་	གི་	PART
ལྷ་མོ་	ལྷ་མོ་	NOUN
།		PUNCT
གང་རིགས་	གང་རིགས་	NO_POS
ཀྱི་	གི་	PART
བུ་	བུ་	NOUN
འམ་	གམ་	PART
རིགས་	རིགས་	NOUN
ཀྱི་	གི་	PART
བུ་མོ་	བུ་མོ་	NOUN
ལ་ལ་	ལ་ལ་	PRON
ཞིག་	ཅིག་	PART
།		PUNCT
བླ་	བླ་	NOUN
ན་	ལ་	PART
མེད་པ་	མེད་པ་	VERB
ཡང་དག་པ་	ཡང་དག་པ་	ADJ
ར་	ལ་	PART
རྫོགས་པ་	རྫོགས་པ་	VERB
འི་	གི་	PART
བྱང་ཆུབ་	བྱང་ཆུབ་	NOUN
དོན་དམ་པ་	དོན་དམ་པ་	NOUN
དང་	དང་	NO_POS
།		PUNCT
ཀུན་རྫོབ་	ཀུན་རྫོབ་	NOUN
གཞན་	གཞན་	DET
དང་	དང་	NO_POS
གཞན་མ་	གཞན་མ་	PRON
ཡིན་པ་	ཡིན་པ་	AUX
ར་	ལ་	PART
འདོད་པ་	འདོད་པ་	VERB
དེ་	སྟེ་	PART
ནི་	ནི་	NO_POS
དཔག་པ་	དཔག་པ་	VERB
ར་	ལ་	PART
དཀའ་	དཀའ་	VERB
སྟེ་	སྟེ་	PART
།		PUNCT
འཕགས་པ་	འཕགས་པ་	VERB
དང་	དང་	NO_POS
མ་རབས་	མ་རབས་	NOUN
རྣམས་	རྣམས་	DET
ཀྱི་	གི་	PART
སྤྱོད་ཡུལ་	སྤྱོད་ཡུལ་	NOUN
ནི་	ནི་	NO_POS
།		PUNCT
གཅིག་པ་	གཅིག་པ་	ADJ
དང་	དང་	NO_POS
ཐ་དད་པ་	ཐ་དད་པ་	ADJ
འི་	གི་	PART
རང་བཞིན་	རང་བཞིན་	NOUN
མ་	མ་	PART
ཡིན་	ཡིན་	NO_POS
ཏེ་	སྟེ་	PART
།		PUNCT
ཀུན་རྫོབ་	ཀུན་རྫོབ་	NOUN
ཀྱང་	ཀྱང་	PART
མ་	མ་	PART
སྤངས་	སྤངས་	VERB
དོན་དམ་པ་	དོན་དམ་པ་	NOUN
ཡང་	ཀྱང་	PART
བྲལ་བ་	བྲལ་བ་	VERB
ར་	ལ་	PART
མ་	མ་	PART
གྱུར་པ་	གྱུར་པ་	VERB
དེ་	སྟེ་	PART
ནི་	ནི་	NO_POS
ཆོ་	ཆོ་	NOUN
ཀྱི་	གི་	PART
དབྱིངས་	དབྱིངས་	NOUN
ལ་	ལ་	PART
གནས་	གནས་	NOUN
ཤིང་བྱང་	ཤིང་བྱང་	NO_POS
ཆུབ་	ཆུབ་	VERB
སེམས་དཔ་	སེམས་དཔའ་	NOUN
འི་	གི་	PART
སྤྱད་པ་	སྤྱད་པ་	VERB
སྤྱོད་པ་	སྤྱོད་པ་	VERB
འོ་	གོ་	PART
། །		PUNCT
ཞེས་་	ཞེས་པ་	PART
ས་	གིས་	PART
།		PUNCT
དམིགས་པ་	དམིགས་པ་	VERB
ཐམས་ཅད་	ཐམས་ཅད་	DET
ཉེ་བ་		
ཞི་བ་	ཞི་བ་	VERB
ར་	ལ་	PART
གནས་པ་	གནས་པ་	VERB
དེ་ཉིད་	དེ་ཉིད་	NOUN
།		PUNCT
གོམས་པ་	གོམས་པ་	VERB
ར་	ལ་	PART
བྱ་བ་	བྱ་བ་	VERB
ཡིན་པ་	ཡིན་པ་	AUX
ས་	གིས་	PART
སྒོམ་པ་	སྒོམ་པ་	VERB
སྟེ་	སྟེ་	PART
།		PUNCT
ཆོ་	ཆོ་	NOUN
ཀྱི་	གི་	PART
དབྱིངས་	དབྱིངས་	NOUN
ལ་	ལ་	PART
གནས་པ་	གནས་པ་	VERB
འམ་	གམ་	PART
།		PUNCT
སྣང་བ་	སྣང་བ་	VERB
མེད་པ་	མེད་པ་	VERB
ལ་	ལ་	PART
གནས་པ་	གནས་པ་	VERB
ཞེ་	ཅེས་	PART
བྱ་	བྱ་	VERB
འོ་	གོ་	PART
། །		PUNCT
དེ་	དེ་	DET
འི་	གི་	PART
ཕྱི་	ཕྱི་	OTHER
ལྟ་བ་	ལྟ་བ་	VERB
ཉིད་	ཉིད་	DET
ལ་	ལ་	ADP
ས་	གིས་	PART
ལོགས་	ལོགས་	NOUN
ན་	ལ་	PART
སྒོམ་པ་	སྒོམ་པ་	VERB
མེད་པ་	མེད་པ་	VERB
ལ་	ལ་	ADP
ས་	གིས་	PART
ལྟ་	ལྟ་	NOUN
སྒོམ་	སྒོམ་	VERB
ཟུང་འཇུག་	ཟུང་འཇུག་	NOUN
གོ་	གོ་	PART
། །		PUNCT
སེམས་	སེམས་	NOUN
ལ་	ལ་	PART
སྒྲིབ་པ་	སྒྲིབ་པ་	VERB
མེད་པ་	མེད་པ་	VERB
ས་	གིས་	PART
།		PUNCT
དེ་ལས་	དེ་ལས་	NO_POS
ལངས་པ་	ལངས་པ་	VERB
འི་	གི་	PART
ཚེ་	ཚེ་	NOUN
ཡང་	ཀྱང་	PART
།		PUNCT
ལུས་	ལུས་	NOUN
དང་	དང་	NO_POS
ངག་	ངག་	NOUN
གི་	གི་	PART
འདུ་བྱེད་པ་	འདུ་བྱེད་པ་	NOUN
ཡོད་	ཡོད་	VERB
ཀྱང་	ཀྱང་	PART
སེམས་	སེམས་	NOUN
འཁོར་གསུམ་	འཁོར་གསུམ་	NO_POS
དུ་	ལ་	PART
རྟོག་པ་	རྟོག་པ་	VERB
མེད་པ་	མེད་པ་	VERB
ས་	གིས་	PART
སྒྱུ་མ་	སྒྱུ་མ་	NOUN
འི་	གི་	PART
སྐྱེས་བུ་	སྐྱེས་བུ་	NOUN
བྱ་བ་	བྱ་བ་	VERB
བྱེད་པ་	བྱེད་པ་	VERB
ལྟ་བུ་	ལྟ་བུ་	NOUN
དེ་	སྟེ་	PART
ནི་	ནི་	NO_POS
སྤྱོད་པ་	སྤྱོད་པ་	VERB
སྟེ་	སྟེ་	PART
།		PUNCT
དེ་	དེ་	DET
འི་	གི་	PART
ཚེ་	ཚེ་	NOUN
ལྟ་སྤྱོད་	ལྟ་སྤྱོད་	NOUN
ཟུང་	ཟུང་	VERB
དུ་	ལ་	PART
འཇུག་	འཇུག་	VERB
གོ་	གོ་	PART
། །		PUNCT
དེ་	སྟེ་	PART
ལ་	ལ་	PART
སྒྱུ་མ་	སྒྱུ་མ་	NOUN
ལྟ་བུ་	ལྟ་བུ་	NOUN
འི་	གི་	PART
ཏིང་ངེ་འཛིན་	ཏིང་ངེ་འཛིན་	NOUN
ཞེ་	ཅེས་	PART
བྱ་	བྱ་	VERB
འོ་	གོ་	PART
། །		PUNCT
སྐྲག་པ་	སྐྲག་པ་	VERB
མེད་	མེད་	VERB
དེ་	སྟེ་	PART
།		PUNCT
དེ་	དེ་	DET
ས་	གིས་	PART
ཁ་བ་	ཁ་བ་	NOUN
ཞུ་	ཞུ་	VERB
རིམ་གྱིས་	རིམ་གྱིས་	NO_POS
ཆུ་	ཆུ་	NOUN
རྒྱས་པ་	རྒྱས་པ་	VERB
བཞིན་	བཞིན་	NOUN
དམིགས་པ་	དམིགས་པ་	VERB
ཇེ་	ཇེ་	OTHER
ཉུང་	ཉུང་	VERB
དུ་	ལ་	PART
སོང་	སོང་	VERB
།		PUNCT
རྣམ་པ་	རྣམ་པ་	NOUN
ར་	ལ་	PART
མི་	མི་	PART
རྟོག་པ་	རྟོག་པ་	VERB
ཇེ་	ཇེ་	OTHER
རིང་	རིང་	NOUN
དུ་	ལ་	PART
གྱུར་པ་	གྱུར་པ་	VERB
ས་	གིས་	PART
ས་	ས་	ADP
ན་	ནས་	PART
སར་འགྲོ་བ་	སར་འགྲོ་བ་	NO_POS
ལ་	ལ་	PART
མི་	མི་	PART
ཞུམ་པ་	ཞུམ་པ་	VERB
འི་	གི་	PART
ཁ་	ཁ་	PRON
ར་	ལ་	PART
དཔའ་བ་	དཔའ་བ་	VERB
ས་	གིས་	PART
།		PUNCT
དེ་	སྟེ་	PART
ནི་	ནི་	NO_POS
དཔའ་བ་	དཔའ་བ་	VERB
ར་	ལ་	PART
འགྲོ་བ་	འགྲོ་བ་	VERB
འི་	གི་	PART
ཏིང་ངེ་འཛིན་	ཏིང་ངེ་འཛིན་	NOUN
ནོ་	གོ་	PART
། །		PUNCT
བྱང་ཆུབ་	བྱང་ཆུབ་	NOUN
སེམས་དཔའ་	སེམས་དཔའ་	NOUN
དེ་	སྟེ་	PART
ནམ་	གམ་	PART
སྒོམ་པ་	སྒོམ་པ་	VERB
ཐ་མ་	ཐ་མ་	ADJ
ལ་	ལ་	PART
གནས་པ་	གནས་པ་	VERB
ན་	ལ་	PART
།		PUNCT
སྔ་	སྔ་	NOUN
གཞོམ་པ་	གཞོམ་པ་	VERB
ར་	ལ་	PART
མ་ནུ་	མ་ནུ་	NO_POS
ས་པ་	ས་པ་	PART
འི་	གི་	PART
ཤེས་སྒྲིབ་	ཤེས་སྒྲིབ་	NO_POS
ཕྲ་མོ་	ཕྲ་མོ་	ADJ
དེ་ཡང་	དེ་ཡང་	ADV
རྨེག་མེད་པ་	རྨེག་མེད་པ་	NO_POS
ར་	ལ་	PART
འཇོམས་པ་	འཇོམས་པ་	VERB
ས་	གིས་	PART
།		PUNCT
དེ་	སྟེ་	PART
ནི་	ནི་	NO_POS
རྡོ་རྗེ་	རྡོ་རྗེ་	NOUN
ལྟ་བུ་	ལྟ་བུ་	NOUN
འི་	གི་	PART
ཏིང་ངེ་འཛིན་	ཏིང་ངེ་འཛིན་	NOUN
ནོ་	གོ་	PART
། །		PUNCT
དེ་ལྟ་	དེ་ལྟ་	NO_POS
གསུམ་	གསུམ་	NUM
ཡང་	ཀྱང་	PART
བྱིས་པ་	བྱིས་པ་	NOUN
དང་	དང་	NO_POS
གཞོན་ནུ་	གཞོན་ནུ་	ADJ
དང་	དང་	NO_POS
དར་མ་	དར་མ་	PROPN
འི་	གི་	PART
གནས་སྐབས་	གནས་སྐབས་	NOUN
ལྟ་བུ་	ལྟ་བུ་	NOUN
ཡིན་	ཡིན་	NO_POS
ནོ་	གོ་	PART
། །		PUNCT
དེ་ཡང་	དེ་ཡང་	ADV
དྷ་		NON_WORD
རི་	རི་	NOUN
ཀ་པ་	ཀ་པ་	OTHER
ས་	གིས་	PART
།		PUNCT
སྔ་	སྔ་	NOUN
གྱི་	གི་	PART
འཕྲོ་	འཕྲོ་	NOUN
ས་	གིས་	PART
སུ་	ལ་	PART
།		PUNCT
ཞི་	ཞི་	VERB
ཚེ་	ཚེ་	NOUN
སྒྱུ་མ་	སྒྱུ་མ་	NOUN
ལྟ་བུ་	ལྟ་བུ་	NOUN
ར་	ལ་	PART
སྣང་	སྣང་	VERB
། །		PUNCT
མཐའ་	མཐའ་	NOUN
བཞི་	བཞི་	NUM
ར་	ལ་	PART
མི་	མི་	PART
རྟོག་བྲལ་	རྟོག་བྲལ་	NO_POS
བ་	བ་	NOUN
མིན་	མིན་	AUX
། །		PUNCT
བྱིང་རྒོད་	བྱིང་རྒོད་	NO_POS
མི་	མི་	PART
གནས་	གནས་	NOUN
སེམས་ཉིད་	སེམས་ཉིད་	NOUN
ནི་	ནི་	NO_POS
། །		PUNCT
འོད་གསལ་	འོད་གསལ་	NOUN
ཅིར་	ཅིར་	NO_POS
ཡང་	ཀྱང་	PART
མི་	མི་	PART
སྒོམ་པ་	སྒོམ་པ་	VERB
། །		PUNCT
མཚན་མེད་	མཚན་མེད་	ADJ
རྣལ་འབྱོར་	རྣལ་འབྱོར་	NOUN
།		PUNCT
ཞེས་་	ཞེས་པ་	PART
ས་	གིས་	PART
གསུངས་	གསུངས་	VERB
སོ་	གོ་	PART
། །		PUNCT
གསུམ་པ་	གསུམ་པ་	NUM
འབྲས་བུ་	འབྲས་བུ་	NOUN
འི་	གི་	PART
གནད་	གནད་	NOUN
འདོད་	འདོད་	VERB
ས་	ས་	ADP
ར་	ལ་	PART
བརྟོལ་བ་	བརྟོལ་བ་	VERB
ལྟ་བུ་	ལྟ་བུ་	NOUN
ནི་	ནི་	NO_POS
།		PUNCT
ཕྱིན་	ཕྱིན་	VERB
ཅི་	ཅི་	NO_POS
ལོག་	ལོག་	VERB
ལ་	ལ་	ADP
ས་	གིས་	PART
ཤིན་ཏུ་	ཤིན་ཏུ་	NO_POS
འདའ་	འདའ་	VERB
ན་	ནས་	PART
།		PUNCT
མཐོང་བ་	མཐོང་བ་	VERB
འི་	གི་	PART
ལམ་	གམ་	PART
མངོན་དུ་	མངོན་དུ་	NO_POS
བྱས་པ་	བྱས་པ་	VERB
འི་	གི་	PART
དུས་	དུས་	NOUN
སུ་	ལ་	PART
ནི་	ནི་	NO_POS
ཕྱིན་	ཕྱིན་	VERB
ཅི་	ཅི་	NO_POS
ལོག་	ལོག་	VERB
ལ་	ལ་	ADP
ས་	གིས་	PART
འདའ་	འདའ་	VERB
ལ་	ལ་	PART
།		PUNCT
འདི་	འདི་	DET
འི་	གི་	PART
སྔ་ལོགས་	སྔ་ལོགས་	NO_POS
དེ་	སྟེ་	PART
མ་	མ་	PART
ཐག་	ཐག་	VERB
ན་	ནས་	PART
ནི་	ནི་	NO_POS
ཤིན་ཏུ་	ཤིན་ཏུ་	NO_POS
འདས་པ་	འདས་པ་	VERB
སྟེ་	སྟེ་	PART
མ་རིག་པ་	མ་རིག་པ་	NOUN
འི་	གི་	PART
གཉིད་	གཉིད་	NOUN
ཐམས་ཅད་	ཐམས་ཅད་	DET
སངས་པ་	སངས་པ་	VERB
འི་	གི་	PART
དོན་	དོན་	NOUN
ནོ་	གོ་	PART
། །		PUNCT
མྱ་ངན་	མྱ་ངན་	NOUN
ལ་	ལ་	ADP
ས་	གིས་	PART
འདས་པ་	འདས་པ་	VERB
ར་	ལ་	PART
ཕྱིན་	ཕྱིན་	VERB
ཏོ་	གོ་	PART
། །		PUNCT
སྲིད་པ་	སྲིད་པ་	VERB
དང་	དང་	NO_POS
ཞི་བ་	ཞི་བ་	VERB
ལ་	ལ་	PART
མི་	མི་	PART
གནས་པ་	གནས་པ་	VERB
ས་	གིས་	PART
མི་	མི་	PART
གནས་པ་	གནས་པ་	VERB
འི་	གི་	PART
མྱ་ངན་	མྱ་ངན་	NOUN
ལ་	ལ་	ADP
ས་	གིས་	PART
འདས་པ་	འདས་པ་	VERB
ར་	ལ་	PART
ཕྱིན་པ་	ཕྱིན་པ་	VERB
སྟེ་	སྟེ་	PART
།		PUNCT
ཤེས་བྱ་	ཤེས་བྱ་	VERB
ཐམས་ཅད་	ཐམས་ཅད་	DET
ལ་	ལ་	PART
བློ་རྒྱ་	བློ་རྒྱ་	NOUN
ས་པ་	ས་པ་	PART
འི་	གི་	PART
དོན་	དོན་	NOUN
ནོ་	གོ་	PART
། །		PUNCT
དུས་གསུམ་	དུས་གསུམ་	OTHER
དུ་	ལ་	PART
རྣམ་པ་	རྣམ་པ་	NOUN
ར་	ལ་	PART
བཞུགས་པ་	བཞུགས་པ་	VERB
འི་	གི་	PART
སངས་རྒྱས་	སངས་རྒྱས་	NOUN
ཐམས་ཅད་	ཐམས་ཅད་	DET
ཀྱང་	ཀྱང་	PART
ཤེས་རབ་	ཤེས་རབ་	NOUN
ཀྱི་	གི་	PART
ཕ་རོལ་	ཕ་རོལ་	NOUN
ཏུ་	ལ་	PART
ཕྱིན་པ་	ཕྱིན་པ་	VERB
འདི་	འདི་	DET
ལ་	ལ་	PART
བརྟེན་	བརྟེན་	VERB
ན་	ནས་	PART
བླ་	བླ་	NOUN
ན་	ལ་	PART
མེད་པ་	མེད་པ་	VERB
ཡང་དག་པ་	ཡང་དག་པ་	ADJ
ར་	ལ་	PART
རྫོགས་པ་	རྫོགས་པ་	VERB
འི་	གི་	PART
བྱང་ཆུབ་	བྱང་ཆུབ་	NOUN
ཏུ་	ལ་	PART
མངོན་པ་	མངོན་པ་	OTHER
རྫོགས་	རྫོགས་	VERB
སངས་རྒྱས་	སངས་རྒྱས་	NOUN
སོ་	གོ་	PART
། །		PUNCT
སངས་རྒྱས་	སངས་རྒྱས་	NOUN
ཐམས་ཅད་	ཐམས་ཅད་	DET
།		PUNCT
སངས་རྒྱས་	སངས་རྒྱས་	NOUN
སུ་	ལ་	PART
བྱེད་པ་	བྱེད་པ་	VERB
འི་	གི་	PART
ཆོ་	ཆོ་	NOUN
དེ་	སྟེ་	PART
ལ་	ལ་	PART
བརྟེན་	བརྟེན་	VERB
ན་	ནས་	PART
སངས་རྒྱས་པ་	སངས་རྒྱས་པ་	NOUN
སྟེ་	སྟེ་	PART
།		PUNCT
དེ་	དེ་	DET
འི་	གི་	PART
ཕྱི་	ཕྱི་	OTHER
འདི་	འདི་	DET
སངས་རྒྱས་	སངས་རྒྱས་	NOUN
ཐམས་ཅད་	ཐམས་ཅད་	DET
ཀྱི་	གི་	PART
ཡུམ་	ཡུམ་	NOUN
ངོ་མ་	ངོ་མ་	OTHER
འོ་	གོ་	PART
། །		PUNCT
དེ་ཡང་	དེ་ཡང་	ADV
སྔ་མ་	སྔ་མ་	ADJ
འི་	གི་	PART
འཕྲོ་	འཕྲོ་	NOUN
ས་	གིས་	PART
སུ་	ལ་	PART
།		PUNCT
ཕ་རོལ་	ཕ་རོལ་	NOUN
ཕྱིན་	ཕྱིན་	VERB
། །		PUNCT
རྒྱལ་བ་	རྒྱལ་བ་	NOUN
ཞི་བ་	ཞི་བ་	VERB
ར་	ལ་	PART
རབ་	རབ་	ADV
གསུངས་པ་	གསུངས་པ་	VERB
། །		PUNCT
ཞེས་་	ཞེས་པ་	PART
ས་	གིས་	PART
བསྟན་	བསྟན་	VERB
ནོ་	གོ་	PART
། །		PUNCT
བཞི་པ་	བཞི་པ་	ADJ
སྤྱོད་པ་	སྤྱོད་པ་	VERB
འི་	གི་	PART
གནད་	གནད་	NOUN
གསེང་ལམ་	གསེང་ལམ་	OTHER
ལྟ་བུ་	ལྟ་བུ་	NOUN
ར་	ལ་	PART
བཤད་པ་	བཤད་པ་	VERB
ལ་	ལ་	PART
།		PUNCT
བསྟན་	བསྟན་	VERB
།		PUNCT
བཤད་	བཤད་	VERB
།		PUNCT
བསྡུ་བ་	བསྡུ་བ་	VERB
གསུམ་	གསུམ་	NUM
ལ་	ལ་	ADP
ས་	གིས་	PART
དང་པོ་	དང་པོ་	ADJ
༼		PUNCT
བསྟན་	བསྟན་	VERB
།༽		PUNCT
ནི་	ནི་	NO_POS
།		PUNCT
དེ་ལྟ་བས་ན་	དེ་ལྟ་བས་ན་	NO_POS
ཤེས་རབ་	ཤེས་རབ་	NOUN
ཀྱི་	གི་	PART
ཕ་རོལ་	ཕ་རོལ་	NOUN
ཏུ་	ལ་	PART
ཕྱིན་པ་	ཕྱིན་པ་	VERB
འི་	གི་	PART
སྔགས་	སྔགས་	NOUN
།		PUNCT
ཕ་རོལ་	ཕ་རོལ་	NOUN
ཏུ་	ལ་	PART
ཕྱིན་པ་	ཕྱིན་པ་	VERB
ཉིད་	ཉིད་	DET
སྔགས་	སྔགས་	NOUN
ཀྱི་	གི་	PART
ཐེག་པ་	ཐེག་པ་	NOUN
ར་	ལ་	PART
སྟོན་པ་	སྟོན་པ་	NOUN
སྟེ་	སྟེ་	PART
།		PUNCT
སྔགས་	སྔགས་	NOUN
ཀྱི་	གི་	PART
སྤྱོད་པ་	སྤྱོད་པ་	VERB
རྗེས་	རྗེས་	NOUN
སྤྱད་	སྤྱད་	VERB
ན་	ལ་	PART
། །		PUNCT
སྐྱེ་	སྐྱེ་	NOUN
འདི་ཉིད་	འདི་ཉིད་	OTHER
ལ་	ལ་	PART
སངས་རྒྱས་	སངས་རྒྱས་	NOUN
འགྱུར་	འགྱུར་	VERB
། །		PUNCT
ཞེས་་	ཞེས་པ་	PART
འི་	གི་	PART
དགོས་པ་	དགོས་པ་	VERB
འོ་	གོ་	PART
། །		PUNCT
ལྟ་བ་	ལྟ་བ་	VERB
ས་	གིས་	PART
ནི་	ནི་	NO_POS
ངོ་བོ་	ངོ་བོ་	NOUN
ཉིད་	ཉིད་	DET
གཏན་	གཏན་	NOUN
ལ་	ལ་	PART
ཕབ་	ཕབ་	VERB
ན་	ནས་	PART
དམིགས་པ་	དམིགས་པ་	VERB
ཐམས་ཅད་	ཐམས་ཅད་	DET
ཞི་བ་	ཞི་བ་	VERB
ར་	ལ་	PART
བྱེད་པ་	བྱེད་པ་	VERB
སྟེ་	སྟེ་	PART
སྔ་	སྔ་	NOUN
གྱི་	གི་	PART
དེ་	དེ་	DET
འོ་	གོ་	PART
། །		PUNCT
འདི་	འདི་	DET
ར་	ལ་	PART
སྤྱོད་པ་	སྤྱོད་པ་	VERB
ས་	གིས་	PART
དམིགས་པ་	དམིགས་པ་	VERB
ཉིད་	ཉིད་	DET
ལྷུ་	ལྷུ་	VERB
བླངས་	བླངས་	VERB
།		PUNCT
དེ་	དེ་	DET
ས་	གིས་	PART
དམིགས་པ་	དམིགས་པ་	VERB
མེད་པ་	མེད་པ་	VERB
བསྒྲུབ་པ་	བསྒྲུབ་པ་	VERB
སྟེ་	སྟེ་	PART
།		PUNCT
སོ་སོ་	སོ་སོ་	PRON
སྐྱེ་བོ་	སྐྱེ་བོ་	NOUN
དུག་	དུག་	NOUN
ལྔ་	ལྔ་	NUM
རགས་པ་	རགས་པ་	VERB
ཅན་	ཅན་	PART
གྱིས་	གིས་	PART
བཙན་ཐབས་	བཙན་ཐབས་	NOUN
སུ་	ལ་	PART
དམིགས་པ་	དམིགས་པ་	VERB
ཞི་བ་	ཞི་བ་	VERB
ར་	ལ་	PART
བྱེད་	བྱེད་	VERB
མི་	མི་	PART
ནུས་པ་	ནུས་པ་	VERB
ས་	གིས་	PART
།		PUNCT
དེ་	སྟེ་	PART
ལ་	ལ་	PART
ནི་	ནི་	NO_POS
།		PUNCT
འདི་	འདི་	DET
མཆོག་	མཆོག་	ADJ
ཏུ་	ལ་	PART
འགྱུར་	འགྱུར་	VERB
རོ་	རོ་	NOUN
། །		PUNCT
དེ་ཡང་	དེ་ཡང་	ADV
ཡུམ་	ཡུམ་	NOUN
གསུམ་	གསུམ་	NUM
གནོད་	གནོད་	VERB
འཇོམས་	འཇོམས་	NO_POS
ལ་	ལ་	ADP
ས་	གིས་	PART
།		PUNCT
མ་	མ་	PART
ན་	ལ་	PART
ནི་	ནི་	NO_POS
ཤེས་པ་	ཤེས་པ་	VERB
ཡིན་	ཡིན་	NO_POS
ལ་	ལ་	PART
།		PUNCT
ཏྲ་		NON_WORD
ཡ་	ཡ་	NOUN
ཞེ་	ཅེས་	PART
བྱ་བ་	བྱ་བ་	VERB
ནི་	ནི་	NO_POS
སྐྱོབ་པ་	སྐྱོབ་པ་	VERB
ཡིན་པ་	ཡིན་པ་	AUX
ར་	ལ་	PART
བཤད་པ་	བཤད་པ་	VERB
ས་	གིས་	PART
ཤེས་པ་	ཤེས་པ་	VERB
དང་	དང་	NO_POS
སྙིང་རྗེ་	སྙིང་རྗེ་	NOUN
ལ་	ལ་	PART
གསང་སྔགས་	གསང་སྔགས་	NOUN
ཞེ་	ཅེས་	PART
བརྗོད་	བརྗོད་	VERB
དོ་	གོ་	PART
། །		PUNCT
དེ་	སྟེ་	PART
གཉིས་	གཉིས་	NUM
ཀྱི་	གི་	PART
རྒྱུ་	རྒྱུ་	NOUN
མཐུན་པ་	མཐུན་པ་	VERB
ཡིན་པ་	ཡིན་པ་	AUX
འི་	གི་	PART
ཕྱི་	ཕྱི་	OTHER
ཡི་གེ་	ཡི་གེ་	NOUN
དེ་དག་	དེ་དག་	OTHER
ལ་	ལ་	PART
ཡང་གསང་	ཡང་གསང་	OTHER
སྔགས་	སྔགས་	NOUN
ཞེ་	ཅེས་	PART
བྱ་	བྱ་	VERB
འོ་	གོ་	PART
། །		PUNCT
ཞེ་	ཅེས་	PART
དང་	དང་	NO_POS
།		PUNCT
རིག་པ་	རིག་པ་	VERB
ཆེན་པོ་	ཆེན་པོ་	ADJ
འི་	གི་	PART
སྔགས་	སྔགས་	NOUN
དེ་	དེ་	DET
ར་	ལ་	PART
།		PUNCT
མ་རིག་པ་	མ་རིག་པ་	NOUN
སྤོང་བ་	སྤོང་བ་	VERB
ར་	ལ་	PART
བྱེད་པ་	བྱེད་པ་	VERB
དང་	དང་	NO_POS
།		PUNCT
རིག་པ་	རིག་པ་	VERB
བསྐྱེད་པ་	བསྐྱེད་པ་	VERB
ར་	ལ་	PART
བྱེད་པ་	བྱེད་པ་	VERB
འི་	གི་	PART
ཕྱི་	ཕྱི་	OTHER
དེ་ཉིད་	དེ་ཉིད་	NOUN
ལ་	ལ་	PART
རིག་པ་	རིག་པ་	VERB
ཞེ་	ཅེས་	PART
བྱ་	བྱ་	VERB
འོ་	གོ་	PART
། །		PUNCT
ཞེ་	ཅེས་	PART
གསུངས་	གསུངས་	VERB
།		PUNCT
བླ་	བླ་	NOUN
ན་	ལ་	PART
མེད་པ་	མེད་པ་	VERB
འི་	གི་	PART
སྔགས་	སྔགས་	NOUN
།		PUNCT
འཁོར་གསུམ་	འཁོར་གསུམ་	NO_POS
དུ་	ལ་	PART
རྟོག་པ་	རྟོག་པ་	VERB
ནི་	ནི་	NO_POS
།		PUNCT
བླ་	བླ་	NOUN
ན་	ལ་	PART
ཡོད་པ་	ཡོད་པ་	VERB
།		PUNCT
སྐབས་	སྐབས་	NOUN
ཡོད་པ་	ཡོད་པ་	VERB
ཞེ་	ཅེས་	PART
བྱ་	བྱ་	VERB
།		PUNCT
དེ་	སྟེ་	PART
དང་	དང་	NO_POS
བྲལ་བ་	བྲལ་བ་	VERB
ས་	གིས་	PART
བླ་	བླ་	NOUN
ན་	ལ་	PART
མེད་པ་	མེད་པ་	VERB
འོ་	གོ་	PART
། །		PUNCT
མི་མཉམ་པ་	མི་མཉམ་པ་	NO_POS
དང་	དང་	NO_POS
མཉམ་པ་	མཉམ་པ་	VERB
འི་	གི་	PART
སྔགས་	སྔགས་	NOUN
།		PUNCT
སངས་རྒྱས་	སངས་རྒྱས་	NOUN
ཐམས་ཅད་	ཐམས་ཅད་	DET
མི་མཉམ་པ་	མི་མཉམ་པ་	NO_POS
ནི་	ནི་	NO_POS
གཟུགས་	གཟུགས་	NOUN
ཀྱི་	གི་	PART
སྐུ་	སྐུ་	NOUN
།		PUNCT
སངས་རྒྱས་	སངས་རྒྱས་	NOUN
ཐམས་ཅད་	ཐམས་ཅད་	DET
མཉམ་པ་	མཉམ་པ་	VERB
ནི་	ནི་	NO_POS
ཆོ་	ཆོ་	NOUN
ཀྱི་	གི་	PART
སྐུ་	སྐུ་	NOUN
འོ་	གོ་	PART
། །		PUNCT
སྡུག་བསྔལ་	སྡུག་བསྔལ་	NOUN
ཐམས་ཅད་	ཐམས་ཅད་	DET
རབ་ཏུ་	རབ་ཏུ་	NO_POS
ཞི་བ་	ཞི་བ་	VERB
ར་	ལ་	PART
བྱེད་པ་	བྱེད་པ་	VERB
འི་	གི་	PART
སྔགས་	སྔགས་	NOUN
།		PUNCT
སྡུག་བསྔལ་	སྡུག་བསྔལ་	NOUN
ནི་	ནི་	NO_POS
འཁོར་བ་པ་	འཁོར་བ་པ་	NOUN
སྟེ་	སྟེ་	PART
།		PUNCT
དེ་	སྟེ་	PART
ཐམས་ཅད་	ཐམས་ཅད་	DET
ཉེ་བ་		
ཞི་བ་	ཞི་བ་	VERB
ལ་	ལ་	PART
འགོད་པ་	འགོད་པ་	VERB
སྟེ་	སྟེ་	PART
།		PUNCT
སྐྱོབ་པ་	སྐྱོབ་པ་	VERB
ཉིད་	ཉིད་	DET
གཟིགས་	གཟིགས་	VERB
ལམ་	གམ་	PART
གསུང་བ་	གསུང་བ་	VERB
། །		PUNCT
ཞེས་་	ཞེས་པ་	PART
འི་	གི་	PART
དབང་	དབང་	NOUN
གིས་	གིས་	PART
སོ་	གོ་	PART
། །		PUNCT
གཉིས་པ་	གཉིས་པ་	NUM
བཤད་པ་	བཤད་པ་	VERB
ནི་	ནི་	NO_POS
།		PUNCT
མི་	མི་	PART
རྫུན་པ་	རྫུན་པ་	NO_POS
ས་	གིས་	PART
ན་	ལ་	PART
བདེན་པ་	བདེན་པ་	VERB
ར་	ལ་	PART
ཤེས་པ་	ཤེས་པ་	VERB
ར་	ལ་	PART
བྱ་	བྱ་	VERB
སྟེ་	སྟེ་	PART
།		PUNCT
འདོད་པ་	འདོད་པ་	VERB
ཐམས་ཅད་	ཐམས་ཅད་	DET
འགྲུབ་པ་	འགྲུབ་པ་	VERB
ལ་	ལ་	PART
མི་	མི་	PART
བསླུ་བ་	བསླུ་བ་	VERB
འི་	གི་	PART
ཕྱི་	ཕྱི་	OTHER
མི་	མི་	PART
རྫུན་པ་	རྫུན་པ་	NO_POS
འོ་	གོ་	PART
། །		PUNCT
དེ་ཡང་	དེ་ཡང་	ADV
གསང་སྔགས་	གསང་སྔགས་	NOUN
ཀྱི་	གི་	PART
དགྲ་	དགྲ་	NOUN
ཐེ་ཚོམ་	ཐེ་ཚོམ་	NOUN
།		PUNCT
དེ་	སྟེ་	PART
ཡོད་པ་	ཡོད་པ་	VERB
ས་	གིས་	PART
མི་	མི་	PART
འགྲུབ་པ་	འགྲུབ་པ་	VERB
ས་	གིས་	PART
ཐེ་ཚོམ་	ཐེ་ཚོམ་	NOUN
དགག་པ་	དགག་པ་	VERB
འོ་	གོ་	PART
། །		PUNCT
བདེན་	བདེན་	VERB
ནོ་	གོ་	PART
སྙམ་	སྙམ་	VERB
དུ་	ལ་	PART
གུས་པ་	གུས་པ་	VERB
དེ་	དེ་	DET
ས་	གིས་	PART
འགྲུབ་པ་	འགྲུབ་པ་	VERB
ར་	ལ་	PART
བསྒྲུབ་བོ་	བསྒྲུབ་བོ་	VERB
། །		PUNCT
དེ་ཡང་	དེ་ཡང་	ADV
སངས་རྒྱས་	སངས་རྒྱས་	NOUN
ཀྱིས་	གིས་	PART
བསྟན་པ་	བསྟན་པ་	VERB
འི་	གི་	PART
སྔགས་	སྔགས་	NOUN
རྣམས་	རྣམས་	DET
ནི་	ནི་	NO_POS
འགྲུབ་	འགྲུབ་	VERB
དཀའ་	དཀའ་	VERB
སྟེ་	སྟེ་	PART
།		PUNCT
དགོས་པ་	དགོས་པ་	VERB
དང་	དང་	NO_POS
ཉིང་དགོས་	ཉིང་དགོས་	NO_POS
མཐའ་ཡས་པ་	མཐའ་ཡས་པ་	ADJ
ས་	གིས་	PART
རིན་ཐང་	རིན་ཐང་	OTHER
ཆེ་བ་	ཆེ་བ་	VERB
།		PUNCT
མུ་སྟེགས་	མུ་སྟེགས་	NOUN
ཅན་	ཅན་	PART
གྱི་	གི་	PART
ནི་	ནི་	NO_POS
འགྲུབ་	འགྲུབ་	VERB
སླ་	སླ་	VERB
སྟེ་	སྟེ་	PART
མཐུ་	མཐུ་	NOUN
ཆུང་	ཆུང་	VERB
།		PUNCT
དེ་ཡང་	དེ་ཡང་	ADV
སྤྲང་པོ་	སྤྲང་པོ་	NOUN
ས་	གིས་	PART
ཟ་	ཟ་	NOUN
ཙམ་	ཙམ་	DET
ཐོབ་	ཐོབ་	VERB
སླ་	སླ་	VERB
འི་	གི་	PART
།		PUNCT
རིན་པོ་ཆེ་	རིན་པོ་ཆེ་	ADJ
རྙེད་	རྙེད་	VERB
དཀའ་བ་	དཀའ་བ་	VERB
ལྟ་བུ་	ལྟ་བུ་	NOUN
འོ་	གོ་	PART
སྙམ་	སྙམ་	VERB
དུ་	ལ་	PART
ཤེ་	ཤེ་	VERB
ན་	ནས་	PART
གསང་སྔགས་	གསང་སྔགས་	NOUN
ཅི་	ཅི་	NO_POS
བཤད་	བཤད་	VERB
།		PUNCT
བཤད་	བཤད་	VERB
ཚོད་	ཚོད་	NOUN
དུ་	ལ་	PART
མི་	མི་	PART
བསམ་པ་	བསམ་པ་	VERB
ར་	ལ་	PART
ཉམས་ལེན་	ཉམས་ལེན་	NOUN
དུ་	ལ་	PART
བྱ་	བྱ་	VERB
འོ་	གོ་	PART
། །		PUNCT
རིག་པ་	རིག་པ་	VERB
འི་	གི་	PART
དབང་ཕྱུག་	དབང་ཕྱུག་	NOUN
དག་	དག་	DET
ཀྱང་	ཀྱང་	PART
།		PUNCT
ཤིན་ཏུ་	ཤིན་ཏུ་	NO_POS
ཕྲ་མོ་	ཕྲ་མོ་	ADJ
འི་	གི་	PART
གནས་	གནས་	NOUN
སྟོན་པ་	སྟོན་པ་	NOUN
ལ་ལུང་	ལ་ལུང་	NO_POS
ཚད་མ་	ཚད་མ་	NOUN
ར་	ལ་	PART
བྱེད་	བྱེད་	VERB
དེ་	སྟེ་	PART
།		PUNCT
སངས་རྒྱས་	སངས་རྒྱས་	NOUN
ལ་	ལ་	ADP
ས་	གིས་	PART
མཁས་པ་	མཁས་པ་	VERB
སུ་	ལ་	PART
ཡང་	ཀྱང་	PART
མེད་པ་	མེད་པ་	VERB
ས་	གིས་	PART
དེ་	དེ་	DET
འི་	གི་	PART
ཚིག་	ཚིག་	NOUN
ཚད་མ་	ཚད་མ་	NOUN
ར་	ལ་	PART
གྱུར་བ་	གྱུར་བ་	VERB
འོ་	གོ་	PART
སྙམ་	སྙམ་	VERB
དགོངས་པ་	དགོངས་པ་	VERB
ཡིན་	ཡིན་	NO_POS
ནོ་	གོ་	PART
། །		PUNCT
ཤེས་རབ་	ཤེས་རབ་	NOUN
ཀྱི་	གི་	PART
ཕ་རོལ་	ཕ་རོལ་	NOUN
ཏུ་	ལ་	PART
ཕྱིན་པ་	ཕྱིན་པ་	VERB
འི་	གི་	PART
སྔགས་	སྔགས་	NOUN
སྨྲས་པ་	སྨྲས་པ་	VERB
།		PUNCT
སྔགས་	སྔགས་	NOUN
རེ་རེ་	རེ་རེ་	DET
ས་	གིས་	PART
ཀྱང་	ཀྱང་	PART
ལས་སྣ་ཚོགས་	ལས་སྣ་ཚོགས་	NO_POS
འགྲུབ་པ་	འགྲུབ་པ་	VERB
ནི་	ནི་	NO_POS
བྱེད་པ་པོ་	བྱེད་པ་པོ་	NOUN
དང་	དང་	NO_POS
བྱ་བ་	བྱ་བ་	VERB
འི་	གི་	PART
ཡུལ་	ཡུལ་	NOUN
རྐྱེན་	རྐྱེན་	NOUN
གྱིས་	གིས་	PART
ཏེ་	སྟེ་	PART
།		PUNCT
སྐྱེས་བུ་	སྐྱེས་བུ་	NOUN
གཅིག་	གཅིག་	NUM
དགྲ་གཉེན་	དགྲ་གཉེན་	NOUN
བར་མ་	བར་མ་	ADJ
སྐྱོང་བ་	སྐྱོང་བ་	VERB
ལ་	ལ་	PART
ཞུགས་པ་	ཞུགས་པ་	VERB
བཞིན་	བཞིན་	NOUN
ནོ་	གོ་	PART
། །		PUNCT
ཨོཾ་	ཨོཾ་	X
ན་	ནས་	PART
བརྩམས་པ་	བརྩམས་པ་	VERB
འི་	གི་	PART
ཡིག་འབྲུ་	ཡིག་འབྲུ་	NOUN
རེ་རེ་	རེ་རེ་	DET
ས་	གིས་	PART
ཀྱང་	ཀྱང་	PART
ཆོ་	ཆོ་	NOUN
ཀྱི་	གི་	PART
སྒོ་	སྒོ་	NOUN
མཐའ་ཡས་པ་	མཐའ་ཡས་པ་	ADJ
སྟོན་པ་	སྟོན་པ་	NOUN
ས་	གིས་	PART
དེ་དག་	དེ་དག་	OTHER
སྟོང་པ་ཉིད་	སྟོང་པ་ཉིད་	NOUN
དུ་	ལ་	PART
བཞག་པ་	བཞག་པ་	VERB
སྟེ་	སྟེ་	PART
།		PUNCT
དྷ་		NON_WORD
རི་	རི་	NOUN
ཀ་པ་	ཀ་པ་	OTHER
ས་	གིས་	PART
།		PUNCT
སྟོང་པ་	སྟོང་པ་	VERB
བཅོ་བརྒྱད་	བཅོ་བརྒྱད་	NO_POS
བརྗོད་	བརྗོད་	VERB
།		PUNCT
ཞེ་	ཅེས་	PART
གསུངས་	གསུངས་	VERB
།		PUNCT
དེས་ན་	དེས་ན་	NO_POS
གཟུངས་	གཟུངས་	NOUN
འདི་	འདི་	DET
འི་	གི་	PART
དོན་	དོན་	NOUN
ནི་	ནི་	NO_POS
བསམ་པ་	བསམ་པ་	VERB
ར་	ལ་	PART
དཀའ་བ་	དཀའ་བ་	VERB
ས་	གིས་	PART
བསྡུ་	བསྡུ་	VERB
ཏེ་	སྟེ་	PART
བསྟན་	བསྟན་	VERB
ནོ་	གོ་	PART
།		PUNCT
ཏདྱ་		NON_WORD
ཐཱ་		NON_WORD
།		PUNCT
འགའ་ཞིག་	འགའ་ཞིག་	OTHER
ལ་	ལ་	ADP
ས་	གིས་	PART
།		PUNCT
འདི་	འདི་	DET
ཐོག་མ་	ཐོག་མ་	NOUN
ར་	ལ་	PART
བརྗོད་པ་	བརྗོད་པ་	VERB
དག་	དག་	DET
ནི་	ནི་	NO_POS
རིག་	རིག་	VERB
སྔགས་	སྔགས་	NOUN
ཞེ་	ཅེས་	PART
དང་	དང་	NO_POS
།		PUNCT
གསང་སྔགས་	གསང་སྔགས་	NOUN
ནི་	ནི་	NO_POS
ལྷ་	ལྷ་	NOUN
ཕོ་	ཕོ་	NOUN
།		PUNCT
རིག་	རིག་	VERB
སྔགས་	སྔགས་	NOUN
ནི་	ནི་	NO_POS
ལྷ་མོ་	ལྷ་མོ་	NOUN
ཞེ་	ཅེས་	PART
བཤད་པ་	བཤད་པ་	VERB
འི་	གི་	PART
སྐབས་	སྐབས་	NOUN
ཡོད་པ་	ཡོད་པ་	VERB
བཞིན་	བཞིན་	NOUN
།		PUNCT
གང་	གང་	NO_POS
སྔོན་	སྔོན་	ADV
དུ་	ལ་	PART
སོང་བ་	སོང་བ་	VERB
འི་	གི་	PART
ལྷག་མ་	ལྷག་མ་	NOUN
ཐམས་ཅད་	ཐམས་ཅད་	DET
རིག་	རིག་	VERB
སྔགས་	སྔགས་	NOUN
ཡིན་པ་	ཡིན་པ་	AUX
བཞིན་	བཞིན་	NOUN
།		PUNCT
སྔགས་	སྔགས་	NOUN
ཀྱི་	གི་	PART
སྒོ་		
སེམས་བསྐྱེད་	སེམས་བསྐྱེད་	NOUN
ན་	ལ་	PART
།		PUNCT
ཕྱིན་ཆད་	ཕྱིན་ཆད་	ADV
དེ་	དེ་	DET
འི་	གི་	PART
ལ་	ལ་	ADP
ས་	གིས་	PART
སུ་	ལ་	PART
བྱ་བ་	བྱ་བ་	VERB
ཅི་	ཅི་	NO_POS
གསུངས་པ་	གསུངས་པ་	VERB
ཐམས་ཅད་	ཐམས་ཅད་	DET
སྔགས་	སྔགས་	NOUN
སུ་	ལ་	PART
འགྱུར་བ་	འགྱུར་བ་	VERB
ར་	ལ་	PART
བསྟན་པ་	བསྟན་པ་	VERB
དང་	དང་	NO_POS
།		PUNCT
སེམས་བསྐྱེད་པ་	སེམས་བསྐྱེད་པ་	NOUN
དེ་ཡང་	དེ་ཡང་	ADV
།		PUNCT
དཀོན་མཆོག་	དཀོན་མཆོག་	NOUN
གསུམ་	གསུམ་	NUM
རྗེས་སུ་	རྗེས་སུ་	OTHER
དྲན་པ་	དྲན་པ་	VERB
འི་	གི་	PART
དུས་	དུས་	NOUN
དེ་	དེ་	DET
ར་	ལ་	PART
།		PUNCT
སངས་རྒྱས་	སངས་རྒྱས་	NOUN
བྱང་ཆུབ་	བྱང་ཆུབ་	NOUN
ཡིད་	ཡིད་	NOUN
ཀྱིས་	གིས་	PART
གཟུང་	གཟུང་	VERB
། །		PUNCT
ཞེ་	ཅེས་	PART
གཟུང་བ་	གཟུང་བ་	VERB
ཉིད་	ཉིད་	DET
དུ་	ལ་	PART
སློབ་དཔོན་	སློབ་དཔོན་	NOUN
ཀུན་དགའ་	ཀུན་དགའ་	PROPN
སྙིང་པོ་	སྙིང་པོ་	NOUN
ས་	གིས་	PART
བཤད་པ་	བཤད་པ་	VERB
ལྟ་	ལྟ་	OTHER
ཡིན་	ཡིན་	NO_POS
ལ་	ལ་	PART
།		PUNCT
དེ་	སྟེ་	PART
འཛིན་པ་	འཛིན་པ་	VERB
འང་	ཀྱང་	PART
མ་འོངས་པ་	མ་འོངས་པ་	OTHER
ན་	ལ་	PART
ཐོབ་པ་	ཐོབ་པ་	VERB
ར་	ལ་	PART
བྱ་	བྱ་	VERB
འོ་	གོ་	PART
སྙམ་པ་	སྙམ་པ་	VERB
ནི་	ནི་	NO_POS
མ་	མ་	PART
ཡིན་	ཡིན་	NO_POS
ནོ་	གོ་	PART
། །		PUNCT
འོ་ན་	འོ་ན་	NO_POS
གང་ཞེ་ན་	གང་ཞེ་ན་	NO_POS
།		PUNCT
ད་ལྟ་	ད་ལྟ་	OTHER
ཉིད་	ཉིད་	DET
དུ་	ལ་	PART
དེ་	སྟེ་	PART
ལ་	ལ་	PART
བསླབ་པ་	བསླབ་པ་	VERB
ར་	ལ་	PART
དམ་བཅའ་བ་	དམ་བཅའ་བ་	NOUN
སྟེ་	སྟེ་	PART
།		PUNCT
དེ་ཡང་	དེ་ཡང་	ADV
ཤེས་རབ་	ཤེས་རབ་	NOUN
ཉིད་	ཉིད་	DET
ཡིན་	ཡིན་	NO_POS
ལ་	ལ་	PART
།		PUNCT
དེ་	དེ་	DET
འི་	གི་	PART
སྐད་	སྐད་	NOUN
ལ་མོ་	ལ་མོ་	OTHER
རྟགས་	རྟགས་	NOUN
ཡོད་པ་	ཡོད་པ་	VERB
ས་	གིས་	PART
མ་	མ་	PART
ཞེ་	ཅེས་	PART
བཞག་པ་	བཞག་པ་	VERB
ས་	གིས་	PART
འདི་	འདི་	DET
རིག་པ་	རིག་པ་	VERB
དང་	དང་	NO_POS
།		PUNCT
དེ་	སྟེ་	PART
ལྷ་མོ་	ལྷ་མོ་	NOUN
ར་	ལ་	PART
བཞག་པ་	བཞག་པ་	VERB
འི་	གི་	PART
གནད་	གནད་	NOUN
གོ་བ་	གོ་བ་	VERB
ར་	ལ་	PART
བྱ་	བྱ་	VERB
འོ་	གོ་	PART
། །		PUNCT
ཨོཾ་	ཨོཾ་	X
ག་	ག་	PRON
ཏེ་	སྟེ་	PART
ག་	ག་	PRON
ཏེ་	སྟེ་	PART
།		PUNCT
ཨོཾ་	ཨོཾ་	X
རིག་བྱེད་	རིག་བྱེད་	PROPN
ཐམས་ཅད་	ཐམས་ཅད་	DET
འདུས་པ་	འདུས་པ་	VERB
དང་	དང་	NO_POS
།		PUNCT
དེ་	དེ་	DET
འི་	གི་	PART
མ་མོ་	མ་མོ་	NOUN
ཡིན་པ་	ཡིན་པ་	AUX
བཞིན་	བཞིན་	NOUN
།		PUNCT
སངས་རྒྱས་	སངས་རྒྱས་	NOUN
ཐམས་ཅད་	ཐམས་ཅད་	DET
འདུས་པ་	འདུས་པ་	VERB
དེ་	དེ་	DET
ས་	གིས་	PART
བྱིན་	བྱིན་	VERB
གྱིས་	གིས་	PART
བརླབ་པ་	བརླབ་པ་	VERB
དང་	དང་	NO_POS
།		PUNCT
བྱིན་རླབས་	བྱིན་རླབས་	NOUN
དེ་	དེ་	DET
ས་	གིས་	PART
མ་རིག་པ་	མ་རིག་པ་	NOUN
འཐོར་བ་	འཐོར་བ་	VERB
དང་	དང་	NO_POS
རིག་པ་	རིག་པ་	VERB
ཆེན་པོ་	ཆེན་པོ་	ADJ
བསྐྱེད་པ་	བསྐྱེད་པ་	VERB
འམ་	གམ་	PART
བླུགས་པ་	བླུགས་པ་	VERB
ས་	གིས་	PART
གཏོར་བ་	གཏོར་བ་	VERB
དང་	དང་	NO_POS
བླུགས་པ་	བླུགས་པ་	VERB
འི་	གི་	PART
ཕྱི་	ཕྱི་	OTHER
དེ་	སྟེ་	PART
ལ་	ལ་	PART
དབང་	དབང་	NOUN
བསྐུར་བ་	བསྐུར་བ་	VERB
།		PUNCT
དེ་	དེ་	DET
ས་	གིས་	PART
ག་	ག་	PRON
ཏེ་	སྟེ་	PART
ཟློས་	ཟློས་	VERB
ཏེ་	སྟེ་	PART
གསུངས་	གསུངས་	VERB
སོ་	གོ་	PART
། །		PUNCT
དབང་	དབང་	NOUN
བསྐུར་བ་	བསྐུར་བ་	VERB
དེ་	སྟེ་	PART
ལ་	ལ་	PART
སྔགས་	སྔགས་	NOUN
ཀྱི་	གི་	PART
མ་མོ་	མ་མོ་	NOUN
ཞེ་	ཅེས་	PART
བྱ་	བྱ་	VERB
འོ་	གོ་	PART
། །		PUNCT
པ་	པ་	PART
ར་	ར་	ADP
ག་	ག་	PRON
ཏེ་	སྟེ་	PART
།		PUNCT
ཕ་རོལ་	ཕ་རོལ་	NOUN
ནི་	ནི་	NO_POS
བླ་	བླ་	NOUN
ན་	ལ་	PART
མེད་པ་	མེད་པ་	VERB
།		PUNCT
དེ་	དེ་	DET
ར་	ལ་	PART
འགྲོ་བ་	འགྲོ་བ་	VERB
ནི་	ནི་	NO_POS
རྩ་བ་	རྩ་བ་	NOUN
འི་	གི་	PART
མདོ་དོན་	མདོ་དོན་	NOUN
བསྒོམ་པ་	བསྒོམ་པ་	VERB
ཡིན་	ཡིན་	NO_POS
ལ་	ལ་	PART
།		PUNCT
དེ་ཡང་	དེ་ཡང་	ADV
ནམ་མཁའ་	ནམ་མཁའ་	NOUN
ལ་	ལ་	PART
སྦྱོར་བ་	སྦྱོར་བ་	VERB
དང་	དང་	NO_POS
།		PUNCT
ལོངས་	ལོངས་	VERB
ན་	ལ་	PART
ཡང་	ཀྱང་	PART
སླ་	སླ་	ADV
ཤེས་རབ་	ཤེས་རབ་	NOUN
ཀྱི་	གི་	PART
དམིགས་པ་	དམིགས་པ་	VERB
སྟེ་	སྟེ་	PART
།		PUNCT
སྦྱངས་པ་	སྦྱངས་པ་	VERB
ས་	གིས་	PART
བླ་གབ་	བླ་གབ་	NOUN
མེད་པ་	མེད་པ་	VERB
ལ་	ལ་	PART
རྣལ་འབྱོར་	རྣལ་འབྱོར་	NOUN
བྱ་བ་	བྱ་བ་	VERB
གཉིས་	གཉིས་	NUM
སོ་	གོ་	PART
། །		PUNCT
འདི་	འདི་	DET
ས་	གིས་	PART
ཕྱི་	ཕྱི་	VERB
ཐབས་	ཐབས་	NOUN
ཅི་	ཅི་	NO_POS
ལ་	ལ་	PART
སྦྱངས་	སྦྱངས་	VERB
ཀྱང་	ཀྱང་	PART
འཇིག་རྟེན་	འཇིག་རྟེན་	NOUN
དུ་	ལ་	PART
མི་	མི་	PART
འཆིང་བ་	འཆིང་བ་	VERB
ར་	ལ་	PART
ཐར་པ་	ཐར་པ་	VERB
འི་	གི་	PART
རྒྱུ་	རྒྱུ་	NOUN
ར་	ལ་	PART
འགྱུར་	འགྱུར་	VERB
རོ་	རོ་	NOUN
། །		PUNCT
ཨོཾ་	ཨོཾ་	X
སྭ་		NON_WORD
བྷཱ་		NON_WORD
ཝ་	ཝ་	OTHER
དང་	དང་	NO_POS
ཤཱུནྱ་		NON_WORD
ཏ་	ཏ་	OTHER
འི་	གི་	PART
སྔགས་	སྔགས་	NOUN
དོན་	དོན་	NOUN
ཀྱང་	ཀྱང་	PART
རིམ་པ་	རིམ་པ་	NOUN
དེ་	དེ་	DET
འོ་	གོ་	PART
། །		PUNCT
པ་	པ་	PART
ར་	ར་	ADP
སཾ་		NON_WORD
ག་	ག་	PRON
ཏེ་	སྟེ་	PART
།		PUNCT
ཕ་རོལ་	ཕ་རོལ་	NOUN
ཙམ་	ཙམ་	DET
ནི་	ནི་	NO_POS
ཉན་རང་	ཉན་རང་	NOUN
དག་	དག་	DET
ལ་	ལ་	ADP
འང་	ཀྱང་	PART
ཡོད་	ཡོད་	VERB
དེ་	སྟེ་	PART
།		PUNCT
འཁོར་བ་	འཁོར་བ་	NOUN
འི་	གི་	PART
ཕ་རོལ་	ཕ་རོལ་	NOUN
མཐ་	མཐའ་	NOUN
ར་	ལ་	PART
སོན་པ་	སོན་པ་	VERB
ཞེ་	ཅེས་	PART
བྱ་བ་	བྱ་བ་	VERB
ས་	གིས་	PART
སོ་	གོ་	PART
། །		PUNCT
དེས་ན་	དེས་ན་	NO_POS
ཕ་རོལ་	ཕ་རོལ་	NOUN
དེ་ཙམ་	དེ་ཙམ་	NO_POS
དུ་	ལ་	PART
སླེབ་པ་	སླེབ་པ་	VERB
ས་	གིས་	PART
མི་	མི་	PART
ཆོག་པ་	ཆོག་པ་	VERB
ས་	གིས་	PART
།		PUNCT
སཾ་		NON_WORD
ཉེ་	ཉེ་	VERB
བསྒྱུར་	བསྒྱུར་	VERB
དེ་	དེ་	DET
ས་	གིས་	PART
།		PUNCT
ལུས་	ལུས་	NOUN
མཚན་དཔེ་	མཚན་དཔེ་	NOUN
ས་	གིས་	PART
བརྒྱན་པ་	བརྒྱན་པ་	VERB
འི་	གི་	PART
སངས་རྒྱས་	སངས་རྒྱས་	NOUN
ཀྱི་	གི་	PART
སྐུ་	སྐུ་	NOUN
དང་	དང་	NO_POS
།		PUNCT
ངག་	ངག་	NOUN
ཆོ་	ཆོ་	NOUN
ཀྱི་	གི་	PART
གཎྜཱིའམ་		NON_WORD
ཆོ་	ཆོ་	NOUN
ཀྱི་	གི་	PART
དུང་	དུང་	NOUN
ངམ་	གམ་	PART
།		PUNCT
ཆོ་	ཆོ་	NOUN
ཀྱི་	གི་	PART
རྔ་	རྔ་	NOUN
ར་	ལ་	PART
དང་	དང་	NO_POS
།		PUNCT
ཡིད་	ཡིད་	NOUN
ཏིང་ངེ་འཛིན་	ཏིང་ངེ་འཛིན་	NOUN
གྱི་	གི་	PART
རྩལ་	རྩལ་	NOUN
སྦྱོང་བ་	སྦྱོང་བ་	VERB
སྟེ་	སྟེ་	PART
།		PUNCT
དང་པོ་	དང་པོ་	ADJ
གཉིས་	གཉིས་	NUM
ཀྱིས་	གིས་	PART
མི་མཉམ་པ་	མི་མཉམ་པ་	NO_POS
དེ་	སྟེ་	PART
ལམ་	གམ་	PART
དུ་	ལ་	PART
འཁྱེར་	འཁྱེར་	NO_POS
།		PUNCT
ཕྱི་མ་	ཕྱི་མ་	ADJ
ས་	གིས་	PART
མཉམ་པ་	མཉམ་པ་	VERB
དེ་	སྟེ་	PART
ལམ་	གམ་	PART
དུ་	ལ་	PART
འཁྱེར་བ་	འཁྱེར་བ་	VERB
བསྟན་པ་	བསྟན་པ་	VERB
ཡིན་	ཡིན་	NO_POS
ནོ་	གོ་	PART
། །		PUNCT
འདི་	འདི་	DET
ལ་	ལ་	PART
ཀླུ་སྒྲུབ་	ཀླུ་སྒྲུབ་	PROPN
ཉིད་	ཉིད་	DET
ཀྱིས་	གིས་	PART
སྲ་	སྲ་	NOUN
གཙོ་བོ་	གཙོ་བོ་	ADJ
དང་	དང་	NO_POS
།		PUNCT
དྷ་		NON_WORD
རི་	རི་	NOUN
ཀ་	ཀ་	DET
ས་	གིས་	PART
དེ་	དེ་	DET
འི་	གི་	PART
ལུགས་	ལུགས་	NOUN
བཀོད་པ་	བཀོད་པ་	VERB
ར་	ལ་	PART
ཡུམ་	ཡུམ་	NOUN
གཙོ་བོ་	གཙོ་བོ་	ADJ
ར་	ལ་	PART
བྱེད་པ་	བྱེད་པ་	VERB
འི་	གི་	PART
ལྷ་	ལྷ་	NOUN
ལྔ་	ལྔ་	NUM
འི་	གི་	PART
དཀྱིལ་འཁོར་	དཀྱིལ་འཁོར་	NOUN
བཤད་	བཤད་	VERB
དེ་	སྟེ་	PART
གང་	གང་	NO_POS
མོ་	མོ་	VERB
གཟུང་	གཟུང་	VERB
ངོ་	གོ་	PART
། །		PUNCT
ཏིང་ངེ་འཛིན་	ཏིང་ངེ་འཛིན་	NOUN
ལ་	ལ་	PART
མཚན་མ་	མཚན་མ་	NOUN
ཅན་	ཅན་	PART
ཀཾ་པ་	ཀཾ་པ་	NON_WORD
ལ་	ལ་	ADP
ས་	གིས་	PART
དང་	དང་	NO_POS
།		PUNCT
མཚན་མེད་	མཚན་མེད་	ADJ
དེ་	དེ་	DET
འི་	གི་	PART
ཡུམ་	ཡུམ་	NOUN
གྱིས་	གིས་	PART
མཛད་པ་	མཛད་པ་	VERB
འང་	ཀྱང་	PART
ཀླུ་སྒྲུབ་	ཀླུ་སྒྲུབ་	PROPN
ཀྱི་	གི་	PART
ལུགས་	ལུགས་	NOUN
ཁོ་ན་	ཁོ་ན་	DET
འོ་	གོ་	PART
།		PUNCT
བོ་	པོ་	PART
དྷི་		NON_WORD
སྭཱ་		NON_WORD
ཧཱ་		NON_WORD
།		PUNCT
ལམ་	གམ་	PART
དེ་	སྟེ་	PART
ལ་	ལ་	PART
བྱང་ཆུབ་	བྱང་ཆུབ་	NOUN
ན་	ནས་	PART
བྱ་བ་	བྱ་བ་	VERB
ཐམས་ཅད་	ཐམས་ཅད་	DET
གཞན་	གཞན་	DET
སྡུག་བསྔལ་	སྡུག་བསྔལ་	NOUN
ཞི་བ་	ཞི་བ་	VERB
འི་	གི་	PART
དོན་	དོན་	NOUN
ལ་	ལ་	PART
སྦྱར་བ་	སྦྱར་བ་	VERB
ལ་	ལ་	PART
སྟེ་	སྟེ་	PART
།		PUNCT
དེ་	སྟེ་	PART
ལ་	ལ་	PART
བསྲུང་བ་	བསྲུང་བ་	VERB
དང་	དང་	NO_POS
།		PUNCT
ཟློག་པ་	ཟློག་པ་	VERB
དང་	དང་	NO_POS
།		PUNCT
བསད་པ་	བསད་པ་	VERB
དང་	དང་	NO_POS
།		PUNCT
སྡེ་	སྡེ་	NOUN
རེངས་པ་	རེངས་པ་	VERB
རྣམས་	རྣམས་	DET
ནི་	ནི་	NO_POS
མངོན་སྤྱོད་	མངོན་སྤྱོད་	NO_POS
དེ་	སྟེ་	PART
།		PUNCT
འདི་	འདི་	DET
ར་	ལ་	PART
བསྲུང་བ་	བསྲུང་བ་	VERB
རབ་	རབ་	ADV
ཀྱིས་	གིས་	PART
བཟློག་པ་	བཟློག་པ་	VERB
དང་	དང་	NO_POS
།		PUNCT
བཟློག་པ་	བཟློག་པ་	VERB
རབ་	རབ་	ADV
ཀྱིས་	གིས་	PART
བསད་པ་	བསད་པ་	VERB
ར་	ལ་	PART
འགྱུར་པ་	འགྱུར་པ་	VERB
ས་	གིས་	PART
དྲག་ལས་	དྲག་ལས་	NOUN
སུ་	ལ་	PART
བསྡུ་	བསྡུ་	VERB
ཏེ་	སྟེ་	PART
ཚར་གཅོད་	ཚར་གཅོད་	NOUN
ཀྱི་	གི་	PART
འཕྲིན་ལས་	འཕྲིན་ལས་	NOUN
།		PUNCT
ཞི་བ་	ཞི་བ་	VERB
དང་	དང་	NO_POS
རྒྱས་པ་	རྒྱས་པ་	VERB
གཉིས་	གཉིས་	NUM
ནི་	ནི་	NO_POS
ཕན་	ཕན་	NOUN
འདོགས་པ་	འདོགས་པ་	VERB
སྟེ་	སྟེ་	PART
རྗེས་སུ་	རྗེས་སུ་	OTHER
འཛིན་པ་	འཛིན་པ་	VERB
འི་	གི་	PART
འཕྲིན་ལས་	འཕྲིན་ལས་	NOUN
སོ་	གོ་	PART
། །		PUNCT
ཇི་སྐད་	ཇི་སྐད་	NO_POS
བཤད་པ་	བཤད་པ་	VERB
འི་	གི་	PART
དྲག་པོ་	དྲག་པོ་	ADJ
ལ་སོགས་པ་	ལ་སོགས་པ་	NO_POS
དེ་ཡང་	དེ་ཡང་	ADV
དེ་ཉིད་	དེ་ཉིད་	NOUN
ལ་	ལ་	PART
སྙིང་རྗེ་	སྙིང་རྗེ་	NOUN
འི་	གི་	PART
བསམ་པ་	བསམ་པ་	VERB
ཁོ་ན་	ཁོ་ན་	DET
ས་	གིས་	PART
ཏེ་	སྟེ་	PART
།		PUNCT
དེ་	སྟེ་	PART
མི་དགེ་བ་	མི་དགེ་བ་	NO_POS
ལ་	ལ་	PART
ཞུགས་པ་	ཞུགས་པ་	VERB
ཐབས་	ཐབས་	NOUN
གཞན་	གཞན་	DET
གྱིས་	གིས་	PART
ལྡོག་	ལྡོག་	VERB
མི་	མི་	PART
ཐུབ་	ཐུབ་	VERB
ན་	ལ་	PART
བྱ་བ་	བྱ་བ་	VERB
ཡིན་	ཡིན་	NO_POS
ལ་	ལ་	PART
།		PUNCT
དེ་	དེ་	DET
ས་	གིས་	PART
རྒྱུ་	རྒྱུ་	NOUN
དགག་	དགག་	VERB
ས་པ་	ས་པ་	PART
འི་	གི་	PART
ཕྱི་	ཕྱི་	OTHER
འབྲས་བུ་	འབྲས་བུ་	NOUN
སྡུག་བསྔལ་	སྡུག་བསྔལ་	NOUN
ཞི་བ་	ཞི་བ་	VERB
ཡིན་	ཡིན་	NO_POS
ནོ་	གོ་	PART
། །		PUNCT
གསུམ་པ་	གསུམ་པ་	NUM
བསྡུ་བ་	བསྡུ་བ་	VERB
ནི་	ནི་	NO_POS
།		PUNCT
ཤཱ་རི་	ཤཱ་རི་	PROPN
འི་	གི་	PART
བུ་	བུ་	NOUN
།		PUNCT
བྱང་ཆུབ་	བྱང་ཆུབ་	NOUN
སེམས་དཔའ་	སེམས་དཔའ་	NOUN
སེམས་དཔའ་	སེམས་དཔའ་	NOUN
ཆེན་པོ་	ཆེན་པོ་	ADJ
ས་	གིས་	PART
དེ་ལྟ་	དེ་ལྟ་	NO_POS
ཤེས་རབ་	ཤེས་རབ་	NOUN
ཀྱི་	གི་	PART
ཕ་རོལ་	ཕ་རོལ་	NOUN
ཏུ་	ལ་	PART
ཕྱིན་པ་	ཕྱིན་པ་	VERB
ཟབ་མོ་	ཟབ་མོ་	ADJ
ལ་	ལ་	PART
བསླབ་པ་	བསླབ་པ་	VERB
ར་	ལ་	PART
བྱ་	བྱ་	VERB
འོ་	གོ་	PART
། །		PUNCT
གསུམ་པ་	གསུམ་པ་	NUM
དོན་	དོན་	NOUN
བསྡུ་བ་	བསྡུ་བ་	VERB
ནི་	ནི་	NO_POS
།		PUNCT
དེ་ནས་	དེ་ནས་	NO_POS
བཅོམ་ལྡན་འདས་	བཅོམ་ལྡན་འདས་	NOUN
ཏིང་ངེ་འཛིན་	ཏིང་ངེ་འཛིན་	NOUN
དེ་ལས་	དེ་ལས་	NO_POS
བཞེངས་	བཞེངས་	NO_POS
ཏེ་	སྟེ་	PART
།		PUNCT
དེ་	སྟེ་	PART
ལ་	ལ་	PART
ཞུགས་པ་	ཞུགས་པ་	VERB
འི་	གི་	PART
དགོས་པ་	དགོས་པ་	VERB
གྲུབ་	གྲུབ་	VERB
ཟིན་པ་	ཟིན་པ་	VERB
འི་	གི་	PART
ཕྱི་	ཕྱི་	OTHER
དེ་ལས་	དེ་ལས་	NO_POS
བཞེངས་	བཞེངས་	NO_POS
སོ་	གོ་	PART
། །		PUNCT
བྱང་ཆུབ་	བྱང་ཆུབ་	NOUN
སེམས་དཔའ་	སེམས་དཔའ་	NOUN
སེམས་དཔའ་	སེམས་དཔའ་	NOUN
ཆེན་པོ་	ཆེན་པོ་	ADJ
འཕགས་པ་	འཕགས་པ་	VERB
སྤྱན་རས་	སྤྱན་རས་	NO_POS
གཟིགས་	གཟིགས་	VERB
དབང་ཕྱུག་	དབང་ཕྱུག་	NOUN
ལ་	ལ་	PART
ལེགས་	ལེགས་	VERB
སོ་	གོ་	PART
ཞེ་	ཅེས་	PART
བྱ་བ་	བྱ་བ་	VERB
བྱིན་	བྱིན་	VERB
ན་	ནས་	PART
།		PUNCT
དེ་	སྟེ་	PART
འཆད་པ་པོ་	འཆད་པ་པོ་	VERB
ཡིན་པ་	ཡིན་པ་	AUX
ས་	གིས་	PART
སོ་	གོ་	PART
། །		PUNCT
ལེགས་	ལེགས་	VERB
སོ་	གོ་	PART
ལེགས་	ལེགས་	VERB
སོ་	གོ་	PART
། །		PUNCT
རིགས་	རིགས་	NOUN
ཀྱི་	གི་	PART
བུ་	བུ་	NOUN
དེ་དེ་	དེ་དེ་	NO_POS
བཞིན་	བཞིན་	NOUN
ནོ་	གོ་	PART
། །		PUNCT
རིགས་	རིགས་	NOUN
ཀྱི་	གི་	PART
བུ་	བུ་	NOUN
དེ་དེ་	དེ་དེ་	NO_POS
བཞིན་	བཞིན་	NOUN
ཏེ་	སྟེ་	PART
།		PUNCT
ལེགས་	ལེགས་	VERB
སོ་	གོ་	PART
ཇི་ལྟ་		
མཛད་པ་	མཛད་པ་	VERB
འི་	གི་	PART
ཚུལ་	ཚུལ་	NOUN
ལོ་	གོ་	PART
། །		PUNCT
ཇི་ལྟ་		
ཁྱོད་	ཁྱོད་	PRON
ཀྱིས་	གིས་	PART
བསྟན་པ་	བསྟན་པ་	VERB
བཞིན་	བཞིན་	NOUN
དུ་	ལ་	PART
ཤེས་རབ་	ཤེས་རབ་	NOUN
ཀྱི་	གི་	PART
ཕ་རོལ་	ཕ་རོལ་	NOUN
ཏུ་	ལ་	PART
ཕྱིན་པ་	ཕྱིན་པ་	VERB
ཟབ་མོ་	ཟབ་མོ་	ADJ
ལ་	ལ་	PART
སྤྱད་པ་	སྤྱད་པ་	VERB
ར་	ལ་	PART
བྱ་	བྱ་	VERB
སྟེ་	སྟེ་	PART
།		PUNCT
ད་ལྟ་	ད་ལྟ་	OTHER
ཡོད་པ་	ཡོད་པ་	VERB
དང་	དང་	NO_POS
འབྱུང་བ་	འབྱུང་བ་	VERB
ར་	ལ་	PART
འགྱུར་བ་	འགྱུར་བ་	VERB
འི་	གི་	PART
གདུལ་བྱ་	གདུལ་བྱ་	NOUN
རྣམས་	རྣམས་	DET
ཀྱིས་	གིས་	PART
སོ་	གོ་	PART
། །		PUNCT
དེ་བཞིན་	དེ་བཞིན་	OTHER
གཤེགས་པ་	གཤེགས་པ་	VERB
རྣམས་	རྣམས་	DET
ཀྱང་	ཀྱང་	PART
རྗེས་སུ་	རྗེས་སུ་	OTHER
ཡི་	གི་	PART
རང་	རང་	PRON
ངོ་	གོ་	PART
། །		PUNCT
སངས་རྒྱས་	སངས་རྒྱས་	NOUN
རྣམས་	རྣམས་	DET
ཀྱིས་	གིས་	PART
མཁྱེན་	མཁྱེན་	VERB
ཅིང་	ཅིང་	PART
གཟིགས་པ་	གཟིགས་པ་	VERB
དེ་ལྟ་	དེ་ལྟ་	NO_POS
བཤད་པ་	བཤད་པ་	VERB
ས་	གིས་	PART
དེ་	སྟེ་	PART
ལ་	ལ་	PART
དགྱེས་པ་	དགྱེས་པ་	VERB
ཡིན་	ཡིན་	NO_POS
ནོ་	གོ་	PART
། །		PUNCT
མདོ་	མདོ་	NOUN
རིལ་པོ་	རིལ་པོ་	ADJ
འི་	གི་	PART
མཇུག་	མཇུག་	NOUN
སྡུད་	སྡུད་	VERB
ནི་	ནི་	NO_POS
།		PUNCT
བཅོམ་ལྡན་འདས་	བཅོམ་ལྡན་འདས་	NOUN
ཀྱིས་	གིས་	PART
དེ་སྐད་	དེ་སྐད་	NO_POS
ཅེས་	ཅེས་	PART
བཀའ་	བཀའ་	NOUN
སྩལ་	སྩལ་	VERB
ན་	ནས་	PART
།		PUNCT
ཚེ་	ཚེ་	NOUN
དང་	དང་	NO_POS
ལྡན་པ་	ལྡན་པ་	VERB
ཤཱ་	ཤཱ་	NO_POS
ར་	ར་	ADP
དྭ་	དྭ་	NO_POS
ཏིའི་		NON_WORD
བུ་	བུ་	NOUN
དང་	དང་	NO_POS
།		PUNCT
བྱང་ཆུབ་	བྱང་ཆུབ་	NOUN
སེམས་དཔའ་	སེམས་དཔའ་	NOUN
སྤྱན་རས་	སྤྱན་རས་	NO_POS
གཟིགས་	གཟིགས་	VERB
དབང་ཕྱུག་	དབང་ཕྱུག་	NOUN
དང་	དང་	NO_POS
།		PUNCT
ཐམས་ཅད་	ཐམས་ཅད་	DET
དང་	དང་	NO_POS
ལྡན་པ་	ལྡན་པ་	VERB
འི་	གི་	PART
འཁོར་	འཁོར་	NOUN
དེ་དག་	དེ་དག་	OTHER
།		PUNCT
ལྷ་	ལྷ་	NOUN
དང་	དང་	NO_POS
མི་	མི་	PART
དང་	དང་	NO_POS
ལྷ་མ་	ལྷ་མ་	PROPN
ཡིན་	ཡིན་	NO_POS
དང་	དང་	NO_POS
དྲི་ཟ་	དྲི་ཟ་	NOUN
ར་	ལ་	PART
བཅས་པ་	བཅས་པ་	VERB
འི་	གི་	PART
འཇིག་རྟེན་	འཇིག་རྟེན་	NOUN
ཡི་	གི་	PART
རངས་	རངས་	NO_POS
ཏེ་	སྟེ་	PART
།		PUNCT
བཅོམ་ལྡན་འདས་	བཅོམ་ལྡན་འདས་	NOUN
ཀྱིས་	གིས་	PART
གསུངས་པ་	གསུངས་པ་	VERB
ལ་	ལ་	PART
མངོན་པ་	མངོན་པ་	OTHER
བསྟོད་	བསྟོད་	VERB
དོ་	གོ་	PART
། །		PUNCT
འགྱུར་	འགྱུར་	VERB
ཡང་	ཀྱང་	PART
བསམ་ཡས་	བསམ་ཡས་	PROPN
སུ་	ལ་	PART
བསྒྱུར་བ་	བསྒྱུར་བ་	VERB
ཕྱི་	ཕྱི་	VERB
འོན་	འོན་	ADV
ལྗང་	ལྗང་	NO_POS
རྡོ་		
སྐད་	སྐད་	NOUN
གས་	གསའ་	NO_POS
ར་	ལ་	PART
བཅད་	བཅད་	VERB
ཀྱིས་	གིས་	PART
བཅོ་	བཅོ་	NUM
ས་	གིས་	PART
ན་	ནས་	PART
གཏན་	གཏན་	NOUN
ལ་	ལ་	PART
ཕབ་པ་	ཕབ་པ་	VERB
འོ་	གོ་	PART
། །		PUNCT
འགའ་ཞིག་	འགའ་ཞིག་	OTHER
བཀའ་	བཀའ་	NOUN
ཅོག་	ཅོག་	DET
གི་	གི་	PART
འགྱུར་	འགྱུར་	VERB
ལ་	ལ་	PART
སྒྲ་	སྒྲ་	NOUN
དང་	དང་	NO_POS
མི་མཐུན་པ་	མི་མཐུན་པ་	NO_POS
འདུག་	འདུག་	VERB
གོ་	གོ་	PART
ཞེ་	ཅེས་	PART
ཟེར་བ་	ཟེར་བ་	VERB
དང་	དང་	NO_POS
།		PUNCT
དཔེར་ན་	དཔེར་ན་	NO_POS
བརྒྱད་	བརྒྱད་	NUM
སྟོང་པ་	སྟོང་པ་	VERB
བཟོ་	བཟོ་	NO_POS
སྦྱངས་	སྦྱངས་	VERB
ལ་	ལ་	ADP
ས་	གིས་	PART
འཕྲེང་བ་	འཕྲེང་བ་	NOUN
ཅན་	ཅན་	PART
འགྱུར་	འགྱུར་	VERB
མང་	མང་	VERB
ངོ་	གོ་	PART
སྙམ་	སྙམ་	VERB
ན་	ནས་	PART
དེ་	སྟེ་	PART
ལ་	ལ་	PART
མགུ་བ་	མགུ་བ་	VERB
ནི་	ནི་	NO_POS
ཕྱིན་	ཕྱིན་	VERB
ཅི་	ཅི་	NO_POS
ལོག་	ལོག་	VERB
སྟེ་	སྟེ་	PART
།		PUNCT
སྐ་	སྐ་	NO_POS
ཅོག་	ཅོག་	DET
གི་	གི་	PART
དུས་	དུས་	NOUN
གསུང་རབ་	གསུང་རབ་	NOUN
ཀྱི་	གི་	PART
བརྡ་	བརྡ་	NOUN
ཕལ་ཆེ་བ་	ཕལ་ཆེ་བ་	OTHER
བཟོས་	བཟོས་	VERB
།		PUNCT
དེ་	སྟེ་	PART
ལ་	ལ་	PART
བརྡ་	བརྡ་	NOUN
རྙིང་པ་	རྙིང་པ་	VERB
གོ་	གོ་	PART
དཀའ་བ་	དཀའ་བ་	VERB
རྣམས་	རྣམས་	DET
སྙགས་		NON_WORD
ཛྙཱ་ན་	ཛྙཱ་ན་	PROPN
དང་	དང་	NO_POS
ཞང་	ཞང་	PROPN
ཡེ་ཤེས་	ཡེ་ཤེས་	NOUN
སྡེ་	སྡེ་	NOUN
ལ་སོགས་པ་	ལ་སོགས་པ་	NO_POS
ས་	གིས་	PART
སྐད་	སྐད་	NOUN
གས་	གསའ་	NO_POS
ར་	ལ་	PART
དུ་	ལ་	PART
བཅོ་	བཅོ་	NUM
ས་	གིས་	PART
།		PUNCT
དེ་ཡང་	དེ་ཡང་	ADV
སྒྲ་	སྒྲ་	NOUN
གཙོ་བ་	གཙོ་བ་	NOUN
དེ་	དེ་	DET
འི་	གི་	PART
གཞུང་ལུགས་	གཞུང་ལུགས་	NOUN
བཞིན་	བཞིན་	NOUN
དང་	དང་	NO_POS
།		PUNCT
དོན་	དོན་	NOUN
གཙོ་བ་	གཙོ་བ་	NOUN
བདག་ཉིད་	བདག་ཉིད་	NOUN
ཆེན་པོ་	ཆེན་པོ་	ADJ
རྣམས་	རྣམས་	DET
ཀྱི་	གི་	PART
འགྲེལ་པ་	འགྲེལ་པ་	NOUN
དང་	དང་	NO_POS
བསྟུན་	བསྟུན་	NO_POS
ན་	ནས་	PART
འགའ་ཞིག་	འགའ་ཞིག་	OTHER
བོད་སྐད་	བོད་སྐད་	PROPN
ལ་	ལ་	PART
སླ་	སླ་	VERB
ཐབས་	ཐབས་	NOUN
སུ་	ལ་	PART
བསྣོན་		NON_WORD
དགོས་	དགོས་	VERB
ན་	ནས་	PART
བཅོ་	བཅོ་	NUM
ས་	གིས་	PART
ཏེ་	སྟེ་	PART
ཞུ་	ཞུ་	VERB
ཤིང་	ཅིང་	PART
གཏན་	གཏན་	NOUN
ལ་	ལ་	PART
ཕབ་པ་	ཕབ་པ་	VERB
ས་	གིས་	PART
ཚད་མ་	ཚད་མ་	NOUN
ར་	ལ་	PART
འོ་	འོ་	VERB
།		PUNCT
དཔང་པོ་	དཔང་པོ་	NOUN
ར་	ལ་	PART
འོས་པ་	འོས་པ་	VERB
དེ་	སྟེ་	PART
ཁོ་ན་	ཁོ་ན་	DET
འོ་	གོ་	PART
། །		PUNCT
ཀློག་པ་	ཀློག་པ་	VERB
ཕལ་ཆེ་		
བླ་འཚོང་	བླ་འཚོང་	NO_POS
བཞིན་	བཞིན་	NOUN
། །		PUNCT
ཡིག་ནག་	ཡིག་ནག་	NOUN
ཉིད་	ཉིད་	DET
ཀྱི་	གི་	PART
ཕྱི་རྗེས་	ཕྱི་རྗེས་	NOUN
འབྲེང་	འབྲེང་	NO_POS
། །		PUNCT
གཟུང་	གཟུང་	VERB
ཡང་	ཀྱང་	PART
ཞིབ་མོ་	ཞིབ་མོ་	ADJ
ས་	གིས་	PART
མི་	མི་	PART
གཞལ་བ་	གཞལ་བ་	VERB
ར་	ལ་	PART
། །		PUNCT
གཞུང་	གཞུང་	NOUN
ཀུན་	ཀུན་	DET
ངང་ཚུལ་	ངང་ཚུལ་	OTHER
སྟོན་	སྟོན་	VERB
མི་	མི་	PART
སྤྲོ་	སྤྲོ་	NO_POS
། །		PUNCT
སྔོན་	སྔོན་	ADV
གྱི་	གི་	PART
རབས་	རབས་	NOUN
སུ་	ལ་	PART
མཛའ་བ་	མཛའ་བ་	VERB
ས་	གིས་	PART
ན་	ལ་	PART
། །		PUNCT
བདག་	བདག་	PRON
ལ་	ལ་	PART
བག་	བག་	NOUN
ཕབ་	ཕབ་	VERB
དེ་	དེ་	DET
ས་	གིས་	PART
གྲོ་	གྲོ་	NOUN
བྱིན་	བྱིན་	VERB
། །		PUNCT
གསུང་རབ་	གསུང་རབ་	NOUN
དགོངས་འགྲེལ་	དགོངས་འགྲེལ་	NOUN
བཅའ་	བཅའ་	VERB
བལྟ་	བལྟ་	VERB
ལ་	ལ་	PART
། །		PUNCT
ཆགས་བྲལ་	ཆགས་བྲལ་	NOUN
ཚིག་འཁྲི་	ཚིག་འཁྲི་	NO_POS
འི་	གི་	PART
གླུ་ཆུང་	གླུ་ཆུང་	NO_POS
འཐེན་	འཐེན་	NO_POS
། །		PUNCT
རྩོམ་པ་	རྩོམ་པ་	VERB
འི་	གི་	PART
རྔོན་	རྔོན་	NO_POS
ལ་	ལ་	PART
ཆགས་པ་	ཆགས་པ་	VERB
ཕལ་	ཕལ་	NOUN
། །		PUNCT
བདེ་	བདེ་	VERB
ར་	ལ་	PART
འཁྱུག་	འཁྱུག་	VERB
དོགས་	དོགས་	NO_POS
འཕྲང་	འཕྲང་	NOUN
ལ་	ལ་	PART
བྱོལ་	བྱོལ་	VERB
ཕྱི་	ཕྱི་	OTHER
། །		PUNCT
དཀའ་གནད་	དཀའ་གནད་	NOUN
ག་	ག་	NOUN
སོང་	སོང་	VERB
ག་	ག་	NOUN
འདེད་པ་	འདེད་པ་	VERB
། །		PUNCT
ང་	ང་	PRON
འདྲ་	འདྲ་	VERB
ཚོལ་	ཚོལ་	VERB
དང་	དང་	NO_POS
རྙེད་	རྙེད་	VERB
ན་	ལ་	PART
མཚའ་	མཚའ་	VERB
། །		PUNCT
དོན་	དོན་	NOUN
མིན་	མིན་	AUX
ཚད་	ཚད་	NOUN
གདུངས་	གདུངས་	NO_POS
སྙིང་	སྙིང་	NOUN
ལ་	ལ་	PART
ཞེན་པ་	ཞེན་པ་	VERB
འི་	གི་	PART
རྨོངས་པ་	རྨོངས་པ་	VERB
ས་	གིས་	PART
རྨོངས་	རྨོངས་	VERB
ན་	ནས་	PART
དྲན་	དྲན་	VERB
གཏོ་	གཏོ་	VERB
ལ་	ལ་	PART
། །		PUNCT
དོན་	དོན་	NOUN
འབྱེད་	འབྱེད་	VERB
དྲི་བཟང་	དྲི་བཟང་	NOUN
ག་བུར་	ག་བུར་	NOUN
གང་	གང་	NO_POS
གཉིད་	གཉིད་	NOUN
སད་	སད་	VERB
ལྟ་	ལྟ་	OTHER
སད་པ་	སད་པ་	VERB
འི་	གི་	PART
ཕྱི་	ཕྱི་	OTHER
སྤྲོ་བ་	སྤྲོ་བ་	VERB
། །		PUNCT
དོན་	དོན་	NOUN
བཞིན་	བཞིན་	NOUN
རྣམ་བཤད་	རྣམ་བཤད་	NOUN
ཙུ་ཏ་	ཙུ་ཏ་	PROPN
འི་	གི་	PART
ལྗོན་པ་	ལྗོན་པ་	OTHER
ས་	གིས་	PART
ས་འོག་	ས་འོག་	OTHER
ས་	ས་	ADP
དང་	དང་	NO_POS
མཐོ་རིས་པ་	མཐོ་རིས་པ་	NOUN
ར་	ལ་	PART
། །		PUNCT
དོན་འབྲས་	དོན་འབྲས་	NO_POS
ཅི་	ཅི་	NO_POS
འདོད་ལན་	འདོད་ལན་	NO_POS
རེ་	རེ་	DET
མ་	མ་	PART
ཡིན་	ཡིན་	NO_POS
དུས་	དུས་	NOUN
དང་	དང་	NO_POS
དུས་	དུས་	NOUN
སུ་	ལ་	PART
སྟེར་	སྟེར་	VERB
གྱུར་ཅིག་	གྱུར་ཅིག་	NO_POS
།		PUNCT
ཤེས་རབ་	ཤེས་རབ་	NOUN
སྙིང་པོ་	སྙིང་པོ་	NOUN
འི་	གི་	PART
རྣམ་བཤད་	རྣམ་བཤད་	NOUN
ཀླུ་སྒྲུབ་	ཀླུ་སྒྲུབ་	PROPN
ཀྱི་	གི་	PART
མན་ངག་	མན་ངག་	NOUN
རིག་	རིག་	VERB
ན་	ནས་	PART
པདྨ་	པདྨ་	NOUN
དཀར་པོ་	དཀར་པོ་	ADJ
ས་	གིས་	PART
བྱམས་པ་	བྱམས་པ་	PROPN
ཆེན་པོ་	ཆེན་པོ་	ADJ
འི་	གི་	PART
ཆོ་	ཆོ་	NOUN
གླིང་	གླིང་	NOUN
དུ་	ལ་	PART
སྦྱར་བ་	སྦྱར་བ་	VERB
འོ་	གོ་	PART
།། །།		PUNCT
ཤུ་	ཤུ་	NO_POS
བྷམསྟུ་		NON_WORD
སརྦ་	སརྦ་	NO_POS
ཛ་	ཛ་	OTHER
ག་	ག་	PRON
ཏཱཾ་		NON_WORD
།།		PUNCT
དགེ་	དགེ་	NOUN
འོ་	གོ་	PART
།།		PUNCT
